CREATE DATABASE  IF NOT EXISTS `controlpedido` /*!40100 DEFAULT CHARACTER SET utf8 COLLATE utf8_spanish2_ci */ /*!80016 DEFAULT ENCRYPTION='N' */;
USE `controlpedido`;
-- MySQL dump 10.13  Distrib 8.0.17, for Win64 (x86_64)
--
-- Host: localhost    Database: controlpedido
-- ------------------------------------------------------
-- Server version	8.0.17

/*!40101 SET @OLD_CHARACTER_SET_CLIENT=@@CHARACTER_SET_CLIENT */;
/*!40101 SET @OLD_CHARACTER_SET_RESULTS=@@CHARACTER_SET_RESULTS */;
/*!40101 SET @OLD_COLLATION_CONNECTION=@@COLLATION_CONNECTION */;
/*!50503 SET NAMES utf8 */;
/*!40103 SET @OLD_TIME_ZONE=@@TIME_ZONE */;
/*!40103 SET TIME_ZONE='+00:00' */;
/*!40014 SET @OLD_UNIQUE_CHECKS=@@UNIQUE_CHECKS, UNIQUE_CHECKS=0 */;
/*!40014 SET @OLD_FOREIGN_KEY_CHECKS=@@FOREIGN_KEY_CHECKS, FOREIGN_KEY_CHECKS=0 */;
/*!40101 SET @OLD_SQL_MODE=@@SQL_MODE, SQL_MODE='NO_AUTO_VALUE_ON_ZERO' */;
/*!40111 SET @OLD_SQL_NOTES=@@SQL_NOTES, SQL_NOTES=0 */;

--
-- Table structure for table `cliente`
--

DROP TABLE IF EXISTS `cliente`;
/*!40101 SET @saved_cs_client     = @@character_set_client */;
/*!50503 SET character_set_client = utf8mb4 */;
CREATE TABLE `cliente` (
  `idcliente` int(11) NOT NULL,
  `nombre` varchar(200) COLLATE utf8_spanish2_ci DEFAULT NULL,
  `zona` varchar(45) COLLATE utf8_spanish2_ci DEFAULT NULL,
  PRIMARY KEY (`idcliente`)
) ENGINE=InnoDB DEFAULT CHARSET=utf8 COLLATE=utf8_spanish2_ci COMMENT='listado de clientes de SF';
/*!40101 SET character_set_client = @saved_cs_client */;

--
-- Dumping data for table `cliente`
--

LOCK TABLES `cliente` WRITE;
/*!40000 ALTER TABLE `cliente` DISABLE KEYS */;
INSERT INTO `cliente` VALUES (3001,'CLIENTES VARIOS (SC))',NULL),(3002,'CAJA DE SALUD DE CAMINOS Y R.A. (SC))',NULL),(3003,'FARMACIA GUADALUPE (SC))',NULL),(3004,'FARMACIA EL RENUEVO (SC)  ANTES C.S.SAN MARTIN DE PORRES)',NULL),(3005,'MARIE STOPES BOLIVIA (SC))',NULL),(3006,'CLINICA DE LA CRUZ (SC))',NULL),(3007,'FARMACIA JAFETH (ANTES VALERIANO) (SC))',NULL),(3008,'CLINICA SANTA TERESA (SC))',NULL),(3009,'FARMACIA GUZMAN (SC))',NULL),(3010,'FARMACIA ISMARI (LA BELGICA))',NULL),(3011,'FARMACIA 14 DE SEPTIEMBRE (SC) SIN NOMBRE)',NULL),(3012,'FARMACIA 16 DE MAYO (SC))',NULL),(3013,'FARMACIA SANTA CLARA DE ASIS (SC))',NULL),(3014,'FARMACIA 20 DE ABRIL (SC))',NULL),(3015,'FARMACIA 22 DE ENERO (SC))',NULL),(3016,'FARMACIA 24 DE SEPTIEMBRE (SC))',NULL),(3017,'FARMACIA 27 DE MAYO (SC))',NULL),(3018,'FARMACIA 4 DE MARZO (SC))',NULL),(3019,'FARMACIA 4 DE NOVIEMBRE (SC))',NULL),(3020,'FARMACIA 7 CALLES (SC))',NULL),(3021,'FARMACIA PHARMACENTRO (SC))',NULL),(3022,'FARMACIA ABC (SC))',NULL),(3023,'FARMACIA ADELA (SC))',NULL),(3024,'FARMACIA AG (SC))',NULL),(3025,'FARMACIA AGAPE (SC))',NULL),(3026,'FARMACIA ALEMANA (SC))',NULL),(3027,'FARMACIA MARITA (SC))',NULL),(3028,'FARMACIA ALVAREZ (SC))',NULL),(3029,'FARMACIA AMOR DE CRISTO (SC) )',NULL),(3030,'FARMACIA ANABEL (SC) SIN NOMBRE)',NULL),(3031,'FARMACIA ANDY (SC))',NULL),(3032,'FARMACIA ANGELA (SC))',NULL),(3033,'FARMACIA ARABE (SC))',NULL),(3034,'FARMACIA ARGBOL (SC))',NULL),(3035,'FARMACIA ARGENTINA (SC) SIN NOMBRE)',NULL),(3036,'FARMACIA ARIES (SC) SIN NOMBRE)',NULL),(3037,'FARMACIA ATENAS (SC) SIN NOMBRE)',NULL),(3038,'FARMACIA BARRETO (SC) SIN NOMBRE)',NULL),(3039,'FARMACIA BAUTISTA (SC))',NULL),(3040,'FARMACIA BELEN (SC))',NULL),(3041,'FARMACIA BELLO FARMA (SC))',NULL),(3042,'FARMACIA BENIANA (SC) SIN NOMBRE)',NULL),(3043,'FARMACIA BERNA  (SC))',NULL),(3044,'FARMACIA ESPERANZA(SC))',NULL),(3045,'FARMACIA BOLIVIANA (SC) SIN NOMBRE)',NULL),(3046,'FARMACIA HEBRON  (SC) ANTES NVA. BRASIL)',NULL),(3047,'FARMACIA BUENA SALUD (SC))',NULL),(3048,'FARMACIA BUENAS NUEVAS (SC))',NULL),(3049,'FARMACIA BUENOS AIRES (SC))',NULL),(3050,'FARMACIA CALDERON (SC) SIN NOMBRE)',NULL),(3051,'FARMACIA CAMARGO (SC))',NULL),(3052,'FARMACIA CAMIRI (SC))',NULL),(3054,'FARMACIA CENTENARIO (SC))',NULL),(3055,'FARMACIA SANTA CRUZ CENTRAL (SC))',NULL),(3056,'FARMACIA CENTRO DE SALUD IGLESIA CATOLICA (SC) SIN NOMBRE)',NULL),(3057,'FARMACIA CERVANTES (SC) SIN NOMBRE)',NULL),(3058,'FARMACIA CHAVEZ S.A.)',NULL),(3059,'FARMACIA TUPIZA L (SC) ANTES RODRIGUEZ)',NULL),(3060,'FARMACIA CHICHINA (SC))',NULL),(3061,'FARMACIA CLAUDIA (SC) SIN NOMBRE)',NULL),(3062,'FARMACIA COLON (SC))',NULL),(3063,'FARMACIA CONCEPCION (SC))',NULL),(3064,'FARMACIA CONTINENTE (SC) EX CONTINENTAL)',NULL),(3065,'FARMACIA COPACABANA (SC) SIN NOMBRE)',NULL),(3066,'FARMACIA CORDOVA (SC) SIN NOMBRE)',NULL),(3067,'FARMACIA CORPUS CRISTI (SC))',NULL),(3068,'FARMACIA COSMOS (SC) SIN NOMBRE)',NULL),(3069,'FARMACIA CRISTAL (SC))',NULL),(3070,'FARMACIA MARIA AUXILIADORA SUC-2 (SC))',NULL),(3071,'FARMACIA CRISTO DE LA CONCORDIA (SC))',NULL),(3072,'FARMACIA REY DE REYES (SC))',NULL),(3074,'FARMACIA DE JESUS (SC))',NULL),(3075,'FARMACIA DIANA (SC))',NULL),(3077,'FARMACIA DOMINGO SAVIO (SC) SIN NOMBRE)',NULL),(3078,'FARMACIA DORA (SC))',NULL),(3079,'FARMACIA DURAN (SC) SIN NOMBRE)',NULL),(3080,'FARMACIA LAS PALMAS (EX. EBENEZER) (SC) SIN NOMBRE)',NULL),(3081,'FARMACIA EDMY (SC))',NULL),(3082,'FARMACIA S.A. (EX.EGUEZ) (SC))',NULL),(3083,'FARMACIA EL BUEN PASTOR (SC))',NULL),(3084,'FARMACIA PEDRO JESUS (MONTERO))',NULL),(3085,'FARMACIA EL MILAGRO (SC))',NULL),(3086,'FARMACIA EL PARAISO (SC))',NULL),(3088,'FARMACIA ELANI (SC) SIN NOMBRE)',NULL),(3089,'FARMACIA ELIZABETH (SC))',NULL),(3091,'FARMACIA ESQUIA (SC) SIN NOMBRE)',NULL),(3092,'FARMACIA ESTHER (SC))',NULL),(3093,'FARMACIA ESTRELLA  (SC))',NULL),(3094,'FARMACIA MEDFARMA (SC) EX. FCIA. ESTRELLA ROJA)',NULL),(3095,'FARMACIA MULTIFARMA (SC) SIN NOMBRE)',NULL),(3096,'FARMACIA FARMACAR (SC))',NULL),(3097,'FARMACIA FARMACRUZ  (SC))',NULL),(3098,'FARMACIA FARMADERM (SC))',NULL),(3099,'FARMACIA FARMANOVA (SC) SIN NOMBRE)',NULL),(3100,'FARMACIA FLORES (SC) SIN NOMBRE)',NULL),(3101,'FARMACIA EL GALENO (SC))',NULL),(3102,'FARMACIA GEMINIS (SC))',NULL),(3103,'FARMACIA GONZALES (SC) SIN NOMBRE)',NULL),(3104,'FARMACIA GRAN PODER (SC))',NULL),(3105,'FARMACIA GRIGOTA (SC) SIN NOMBRE)',NULL),(3106,'FARMACIA HEIDDY (SC) SIN NOMBRE)',NULL),(3107,'FARMACIA HELEN (SC))',NULL),(3108,'FARMACIA HEREDIA (SC) )',NULL),(3109,'FARMACIA HISPANA (SC))',NULL),(3110,'FARMACIA IBARRA (SC))',NULL),(3111,'FARMACIA IMPERIAL (SC) SIN NOMBRE)',NULL),(3112,'FARMACIA IRALA (SC))',NULL),(3113,'FARMACIA IRCA (SC))',NULL),(3114,'FARMACIA IRIARTE (SC) sin nombre)',NULL),(3115,'FARMACIA ISA (SC))',NULL),(3116,'FARMACIA PILCOMAYO (SC))',NULL),(3119,'FARMACIA JESSICA (SC))',NULL),(3120,'FARMACIA JESUS DE NAZARETH (SC))',NULL),(3121,'FARMACIA JESUS OBRERO (SC))',NULL),(3122,'FARMACIA PAMPA DE LA ISLA (SC))',NULL),(3123,'FARMACIA JOSE MARIA (SC))',NULL),(3124,'FARMACIA JUAN DE DIOS APOSTOL (SC))',NULL),(3125,'FARMACIA JUAN PABLO II (SC))',NULL),(3126,'FARMACIA JUBILEO (SC) SIN NOMBRE)',NULL),(3127,'FARMACIA KENNEDY (SC))',NULL),(3128,'FARMACIA L Y LL (SC))',NULL),(3129,'FARMACIA CUMAVI (SC) EX. RC PHARMATON )',NULL),(3130,'FARMACIA MA & LU (SC))',NULL),(3131,'FARMACIA LA UNION (SC))',NULL),(3132,'FARMACIA LANDIVAR (SC))',NULL),(3133,'FARMACIA LANZA (SC) SIN NOMBRE)',NULL),(3134,'FARMACIA LAS MISIONES (SC))',NULL),(3135,'FARMACIA MUTUN (SC))',NULL),(3136,'FARMACIA LAVOISIER (SC))',NULL),(3137,'FARMACIA TIEMPO DE DIOS EX KAIROS (SC))',NULL),(3138,'FARMACIA IMPA (SC))',NULL),(3139,'FARMACIA LIBERTAD (SC))',NULL),(3140,'FARMACIA LILOS (SC) SIN NOMBRE)',NULL),(3141,'FARMACIA CALCINA (SC) EX LINEA Y SALUD )',NULL),(3142,'FARMACIA LORENA (SC) SIN NOMBRE)',NULL),(3143,'FARMACIA LOS MANGALES (SC))',NULL),(3144,'FARMACIA MARQUINA (SC))',NULL),(3145,'GRUVID GRUPO MEDICO VIDA CLINICA PLAN 3000 (SC))',NULL),(3146,'FARMACIA LUZ DE SAN ANTONIO (SC))',NULL),(3147,'FARMACIA ASUNTA (SC) SIN NOMBRE)',NULL),(3148,'FARMACIA LUZ DE VIDA (SC))',NULL),(3149,'FARMACIA MABEL (SC) SIN NOMBRE)',NULL),(3150,'FARMACIA MADRID (SC) )',NULL),(3152,'FARMACIA MARIA DE LOS ANGELES (SC) )',NULL),(3153,'FARMACIA MARIA DEL CARMEN (SC) SIN Nombre)',NULL),(3154,'FARMACIA KAREN(SC))',NULL),(3155,'FARMACIA MARLY (SC))',NULL),(3156,'FARMACIA MEDIFARMA (SC))',NULL),(3157,'FARMACIA MELENDRES (SC))',NULL),(3158,'FARMACIA DAIANA CECILIA (SC))',NULL),(3159,'FARMACIA MIOLET (SC))',NULL),(3160,'FARMACIA MIRAFLORES (SC))',NULL),(3161,'FARMACIA BIMODAL (SC)  EX FARMACIA MODERNA 2 )',NULL),(3162,'FARMACIA NUEVA AMERICA (SC))',NULL),(3163,'FARMACIA MORAGRANDE  (SC))',NULL),(3164,'FARMACIA MOSCU (SC) SIN NOMBRE)',NULL),(3165,'FARMACIA MUTUALISTA (SC))',NULL),(3166,'FARMACIA NACIONAL (SC))',NULL),(3167,'FARMACIA NARDY (SC) SIN NOMBRE)',NULL),(3168,'FARMACIA NATALIA (SC))',NULL),(3169,'FARMACIA NATUDERM (SC))',NULL),(3170,'FARMACIA NAZARET (SC))',NULL),(3173,'FARMACIA NOHELIA (SC) T-KURA)',NULL),(3174,'FARMACIA NORLAVI (SC) )',NULL),(3175,'FARMACIA LAZARETO (SC) SIN NOMBRE)',NULL),(3176,'FARMACIA NUEVA JERUSALEN (SC) SIN NOMBRE)',NULL),(3177,'FARMACIA NUEVO MUNDO (SC))',NULL),(3178,'FARMACIA OKINAWA SRL (SC))',NULL),(3179,'FARMACIA ORIENTAL (SC) SIN NOMBRE)',NULL),(3180,'FARMACIA ORION (SC))',NULL),(3181,'FARMACIA ORTIZ (SC) SIN NOMBRE)',NULL),(3182,'FARMACIA PALO SANTO (SC))',NULL),(3183,'FARMACIA PANAMERICANA (SC))',NULL),(3184,'FARMACIA PAOLA (SC))',NULL),(3185,'FARMACIA PASTEUR (SC))',NULL),(3186,'FARMACIA PATRICIA (SC))',NULL),(3187,'FARMACIA PENIEL (SC) SIN NOMBRE)',NULL),(3188,'FARMACIA LA PERLA (SC))',NULL),(3189,'FARMACIA PETROLERA (SC))',NULL),(3190,'FARMACIA PHARMA MEDICAL CENTER (SC))',NULL),(3191,'FARMACIA PIRAI (SC))',NULL),(3192,'FARMACIAS PLAZA S.R.L.)',NULL),(3193,'FARMACIA PLENITUDE (SC))',NULL),(3194,'FARMACIA POMPEYA (SC) SIN NOMBRE)',NULL),(3195,'FARMACIA PROGRESO (SC))',NULL),(3196,'FARMACIA PROVIDENCIA (SC))',NULL),(3197,'FARMACIA QUIJARRO (SC))',NULL),(3198,'FARMACIA RIO DE ORO (SC) sin nombre)',NULL),(3199,'FARMACIA ROBERT II (SC))',NULL),(3200,'FARMACIA ROBERT (SC))',NULL),(3201,'FARMACIA NACIFF (EX FARMACIA FENIX) )',NULL),(3202,'CLUB DEPORTIVO SOCIO CULTURAL GUABIRA (MONTERO))',NULL),(3203,'FARMACIA RONY (SC) SIN NOMBRE)',NULL),(3204,'FARMACIA ROSARIO DE NAZARETH (SC))',NULL),(3205,'FARMACIA ROXANA SUC.1 (SC)SIN NOMBRE)',NULL),(3206,'FARMACIA ROXANA CENTRAL (SC) SIN NOMBRE)',NULL),(3207,'FARMACIA RUVI (SC))',NULL),(3209,'FARMACIA SALUD Y VIGOR (SC) SIN NOMBRE)',NULL),(3210,'FARMACIA SAN AGUSTIN (SC))',NULL),(3211,'FARMACIA SAN ANDRES (SC))',NULL),(3212,'FARMACIA SAN ELIAS   (SC))',NULL),(3213,'FARMACIA KARLITA (SC) SIN NOMBRE)',NULL),(3214,'FARMACIA SAN GERARDO (SC))',NULL),(3215,'FARMACIA SAN ISIDRO (SC) SIN NOMBRE)',NULL),(3216,'FARMACIA SAN JOAQUIN (SC))',NULL),(3217,'FARMACIA SAN JUDAS TADEO (SC)SIN NOMBRE)',NULL),(3218,'FARMACIA SAN LUIS (SC))',NULL),(3219,'FARMACIA SAN MARTIN DE PORREZ (SC))',NULL),(3220,'FARMACIA SAN MATIAS (SC))',NULL),(3221,'FARMACIA SAN MIGUEL (SC) SIN NOMBRE)',NULL),(3222,'FARMACIA SP LTDA. EX  SAN PABLO (SC))',NULL),(3223,'FARMACIA SAN PEDRO (SC))',NULL),(3224,'FARMACIA MARIA NAZARETH (SC))',NULL),(3225,'FARMACIA SAN RAFAEL (SC))',NULL),(3226,'FARMACIA SAN ROQUE (SC))',NULL),(3227,'FARMACIA MATTHEW-MEDIC (EX.SAN SEBASTIAN - DADRIEL) (SC))',NULL),(3228,'FARMACIA SAN SIMON (SC))',NULL),(3229,'FARMACIA SANANDITA (SC))',NULL),(3230,'FARMACIA SANIDAD (SC) SIN NOMBRE)',NULL),(3231,'FARMACIA SANTA ANA LTDA. (SC))',NULL),(3232,'FARMACIA SANTA BARBARA (SC) SIN NOMBRE)',NULL),(3233,'FARMACIA SANTA CATARINA (SC) SIN NOMBRE)',NULL),(3234,'FARMACIA SANTA CECILIA (SC))',NULL),(3235,'FARMACIA SANTA ISABEL (SC))',NULL),(3236,'FARMACIA SANTA MARIA (SC) URUGUAY)',NULL),(3237,'FARMACIA SANTA MARTHA (SC))',NULL),(3238,'FARMACIA SANTA ROSA DE LIMA (SC))',NULL),(3239,'FARMACIA SANTO DOMINGO (SC))',NULL),(3240,'FARMACIA SANTO ROSARIO-KETAL SUR (SC))',NULL),(3241,'FARMACIA LOS GONZALEZ (SC) FARMACIA  EX. SEJAS (SC))',NULL),(3244,'FARMACIA PUNJAB (SC))',NULL),(3248,'FARMACIA SERJUS (SC))',NULL),(3249,'FARMACIA SHADIA (SC) SIN NOMBRE)',NULL),(3250,'FARMACIA SHIMOJI (SC))',NULL),(3251,'FARMACIA SILES (SC) SIN NOMBRE)',NULL),(3252,'FARMACIA SILVANA (SC))',NULL),(3254,'FARMACIA SOFIA (SC))',NULL),(3255,'GOBIERNO AUTONOMO MUNICIPAL DE EL TORNO)',NULL),(3256,'FARMACIA STEFANI  (SC) SIN NOMBRE)',NULL),(3257,'FARMACIA FARMA STORE (SC))',NULL),(3258,'FARMACIA TADAV (SC))',NULL),(3259,'FARMACIA TARIJA (SC))',NULL),(3260,'FARMACIA TELCHI (SC) )',NULL),(3261,'FARMACIA TERESA DE CALCUTA (SC))',NULL),(3262,'FARMACIA TIERRA SANTA (SC))',NULL),(3263,'FARMACIA TREBOL DE ORO (SC))',NULL),(3264,'FARMACIA TRINIDAD (SC))',NULL),(3265,'FARMACIA TROPICAL CENTRAL (SC) )',NULL),(3266,'FARMACIA UCEBOL (SC))',NULL),(3267,'FARMACIA UNION (SC))',NULL),(3268,'FARMACIA VALERIA (SC) )',NULL),(3269,'FARMACIA VIANEY (SC))',NULL),(3270,'FARMACIA VIDA NUEVA (SC))',NULL),(3271,'FARMACIA VIDA VITAL (SC))',NULL),(3272,'FARMACIA VIRGEN DE CHAGUAYA (SC)  CODIGO DUPLICADO)',NULL),(3273,'FARMACIA VIRGEN DE FATIMA (SC) SIN NOMBRE)',NULL),(3274,'FARMACIA VIRGEN DE LORETO (SC) SIN NOMBRE)',NULL),(3275,'HOSPITAL VIRGEN MILAGROSA (SC))',NULL),(3276,'FARMACIA VIRGINIA (SC))',NULL),(3277,'FARMACIA VITAL (SC) SIN NOMBRE)',NULL),(3278,'FARMACIA BOTICA SAN JOSE (LA GUARDIA))',NULL),(3279,'FARMACIA JESCY (SC))',NULL),(3280,'FARMACIA ZEBALLOS (SC))',NULL),(3281,'FARMACIA ZULMI DRA. FLAVIA RUTH GUZMAN (SC))',NULL),(3282,'FARMACIA TIERRAS NUEVAS (SC))',NULL),(3283,'CADENA DE FARMACIAS UNIDAS)',NULL),(3284,'FARMACORP S.A.)',NULL),(3285,'FARMACIA SANTA ELENA ( EX.YOTAU) (SC))',NULL),(3286,'CLUB DE LEONES CENTRO (SC))',NULL),(3287,'KOLPING (SC))',NULL),(3288,'PROSALUD (SC))',NULL),(3289,'SEGURO SOCIAL UNIVERSITARIO (SC))',NULL),(3290,'GRUMEDSO (SC))',NULL),(3291,'CLINICA SAAVEDRA (SC))',NULL),(3292,'FARMACIA ABRAHAM (SC) SIN NOMBRE)',NULL),(3293,'FARMACIA EL BARATILLO (SC))',NULL),(3294,'FARMACIA NORTE (SC) SIN NOMBRE)',NULL),(3295,'FARMACIA JASSID (SC))',NULL),(3296,'FARMACIA SAMUEL (EL TORNO))',NULL),(3297,'FARMACIA RUSIA (SC))',NULL),(3298,'FARMACIA MARIDEY (SC))',NULL),(3299,'FARMACIA INTEGRAL (SC) SIN NOMBRE)',NULL),(3300,'FARMACIA SAN DIEGO   (SC))',NULL),(3301,'FARMACIA RIVERO (SC))',NULL),(3302,'FARMACIA LADIT (SC))',NULL),(3303,'FARMACIA JJ RAFA (SC) EX. FCIA. ALINA (SC))',NULL),(3304,'FARMACIA ROCA ETERNA (SC))',NULL),(3305,'FARMACIA MILAN (SC) SIN NOMBRE)',NULL),(3306,'FARMACIA 18 DE MARZO (SC))',NULL),(3308,'CAJA DE SALUD DE LA BANCA PRIVADA (SC))',NULL),(3310,'FARMACIA ALEXANDRA (SC) SIN NOMBRE)',NULL),(3311,'FARMACIA MERCURIO (SC))',NULL),(3312,'FARMACIA LU LU (SC))',NULL),(3313,'FARMACIA 14 DE OCTUBRE (SC))',NULL),(3314,'FARMACIA AUXILIADORA CENTRAL (SC))',NULL),(3315,'FARMACIA DHF (SC))',NULL),(3317,'FARMACIA FRANCO (SC))',NULL),(3318,'FARMACIA PRISCILA (SC))',NULL),(3319,'FARMACIA CESPEDES (SC) EX FARMACIA MARIA SILVANA SIN NOMBRE)',NULL),(3320,'FARMACIA DENISSE (SC))',NULL),(3321,'FARMACIA DIVINA GRACIA  (SC))',NULL),(3322,'FARMACIA CREDIFARMA (SC) SIN NOMBRE)',NULL),(3323,'FARMACIA MORENO (SC) FARMACIA CERRADA)',NULL),(3324,'FARMACIA BIO ESPERANZA (SC))',NULL),(3325,'FARMACIA MOISES (SC))',NULL),(3326,'FARMACIA LUANA (SC))',NULL),(3327,'FARMACIA ISRAEL (SC))',NULL),(3328,'FARMACIA ENLACE (EX.CHUQUISACA) (SC))',NULL),(3330,'FARMACIA MR. AHORRO (SC) SIN NOMBRE)',NULL),(3331,'FARMACIA PUERTO RICO (SC) SIN NOMBRE)',NULL),(3332,'FARMACIA AIDA (SC) SIN NOMBRE)',NULL),(3333,'FARMACIA AC (SC))',NULL),(3334,'FARMACIA 4 DE SEPTIEMBRE  (SC) SIN NOMBRE)',NULL),(3335,'FARMACIA L.CH. (SC) EX FARMACIA LOS OLIVOS (SC))',NULL),(3336,'FARMACIA MARIA BELEN O TORRICO (SC) SIN NOMBRE)',NULL),(3337,'FARMACIA BIOFARMA (SC))',NULL),(3338,'FARMACIA 24 DE OCTUBRE (SC))',NULL),(3339,'FARMACIA EYMAR (SC) SIN NOMBRE)',NULL),(3340,'CIES (SC))',NULL),(3341,'FARMACIA VIDA Y SALUD  (SC))',NULL),(3342,'FARMACIA DEL AHORRO (SC))',NULL),(3343,'PROMED S.R.L. (SC))',NULL),(3344,'FARMACIA PRO VIDA (SC))',NULL),(3345,'FARMACIA YALE (SC))',NULL),(3346,'FARMACIA SHARON (SC))',NULL),(3347,'FARMACIA LABOFAR VERA (SC))',NULL),(3348,'FARMACIA KEVIN  (SC))',NULL),(3349,'FARMACIA MONIC (SC))',NULL),(3350,'FARMACIA ENCINAS (SC))',NULL),(3351,'FARMACIA ROSEMAYER (SC))',NULL),(3352,'FARMACIA CAROLAY (SC))',NULL),(3353,'FARMACIA SANTO DOMINGO DE GUZMAN (SC) SIN NOMBRE)',NULL),(3354,'PASOC (SC))',NULL),(3355,'FARMACIA LOS JARDINES (SC) SIN NOMBRE)',NULL),(3356,'FARMACIA PAGUE MENOS(SC))',NULL),(3357,'FARMACIA PLAN 3 MIL (SC))',NULL),(3358,'FARMACIA FARMA PLUS (SC))',NULL),(3359,'FARMACIA PAURITO (SC))',NULL),(3360,'FARMACIA YACUIBA (SC))',NULL),(3361,'FARMACIA NUEVO PALMAR (SC))',NULL),(3362,'HOSPITAL HERNANDEZ VERA (SC))',NULL),(3363,'FARMACIA PLAN 4000 (SC) EX. BOTICA ANA BAUTISTA (SC))',NULL),(3364,'FARMACIA MOSHIR (SC))',NULL),(3365,'FARMACIA MARIELA (SC))',NULL),(3366,'FARMACIA MEGAFARMA (SC))',NULL),(3367,'FARMACIA ALEJANDRITA (SC) SIN NOMBRE)',NULL),(3368,'FARMACIA CACERES (SC))',NULL),(3369,'FARMACIA RENASOL (EX.VIRGEN DE LUJAN) (SC) SIN NOMBRE)',NULL),(3370,'FARMACIA TRES HERMANAS (SC) SIN NOMBRE)',NULL),(3371,'FARMACIA SAN GREGORIO (SC) SIN NOMBRE)',NULL),(3372,'FARMABETICA DIABETES & NUTRICION S.R.L. (SC))',NULL),(3373,'FARMACIA FARMAGAR (SC)  )',NULL),(3374,'FARMACIA MAXIFARMA (SC) SIN NOMBRE)',NULL),(3377,'FARMACIA NAVA (SC))',NULL),(3378,'FARMACIA RIO DE VIDA (SC))',NULL),(3379,'FARMACIA ATENEA (SC))',NULL),(3380,'FARMACIA SANATODO (EX. MEDITODO) (SC))',NULL),(3381,'COSALUD S.R.L. (SC))',NULL),(3382,'FARMACIA MERCURY (SC))',NULL),(3383,'MISION DE ESPERANZA BOLIVIA (SC))',NULL),(3384,'FARMACIA 30 DE JULIO (SC))',NULL),(3385,'FARMACIA LEO  (SC) SIN NOMBRE)',NULL),(3386,'FARMACIA BENDITO REMEDIO (SC))',NULL),(3387,'FARMACIA DIVINO DIEGO (SC) SIN NOMBRE)',NULL),(3388,'FARMACIA DIVINA  (SC) SIN NOMBRE)',NULL),(3390,'FARMACIA VIRGEN PURISIMA (SC))',NULL),(3391,'FARMACIA SHEKINAH (SC))',NULL),(3392,'FARMACIA LITZY (SC))',NULL),(3393,'FARMACIA ROCI (SC))',NULL),(3394,'FARMACIA UPCORP (SC))',NULL),(3395,'DR. FREDDY LOPEZ QUIROGA (SC) FARMACIA CRISTO REY)',NULL),(3396,'DRA. ROSARIO CHOQUETILLA (SC))',NULL),(3397,'FARMACIA ECOFARMA (SC))',NULL),(3398,'FARMACIA VITAL FARMA (WARNES))',NULL),(3399,'FARMACIA MIRANDA (SC))',NULL),(3400,'HOSPITAL SAN JUAN DE DIOS)',NULL),(3401,'FARMACIA SELVA (SC))',NULL),(3402,'FARMACIA KATERINE (EX.VIRGEN MARIA )(SC))',NULL),(3403,'FARMACIA SUR (SC))',NULL),(3404,'FARMACIA ERNESTO (SC) )',NULL),(3405,'DR. ROY EGUEZ (SC))',NULL),(3406,'FARMACIA TORREZ (SC))',NULL),(3407,'FARMACIA YLENIA (SC) SIN NOMBRE)',NULL),(3408,'FARMACIA GARZON (SC))',NULL),(3410,'FARMACIA SAN MIGUEL ARCANGEL (SC))',NULL),(3411,'FARMACIA AGUA VIVA (SC))',NULL),(3412,'FARMACIA FARMADENT MIRIAM (SC) SIN NOMBRE)',NULL),(3413,'FARMACIA MARBAL (SC))',NULL),(3414,'IMPROLAB S.R.L.(SC))',NULL),(3415,'FARMACIA TU FARMACIA (SC))',NULL),(3416,'FARMACIA ARNEZ (SC))',NULL),(3417,'CLINICA SIRANI (SC))',NULL),(3418,'FARMACIA DUNAMIS (SC))',NULL),(3420,'FARMACIA BEKY (SATELITE))',NULL),(3421,'FARMACIA MADRE TERESA (SC))',NULL),(3422,'FARMACIA 16 DE MARZO (SC))',NULL),(3423,'FARMACIA RUTH (SC))',NULL),(3424,'FARMACIA LAZARO  (SC))',NULL),(3426,'FARMACIA ELDY (SC) SIN NOMBRE)',NULL),(3427,'FARMACIA YARIN (SC))',NULL),(3428,'FARMACIA CLARI (SC))',NULL),(3429,'FARMACIA NATURAL LIFE (SC))',NULL),(3430,'FARMACIA ARON (SC))',NULL),(3431,'FARMACIA FARMAPLAN (SC))',NULL),(3432,'CLINICA URBARI (SC))',NULL),(3433,'CORPORACION BOLIVIANA DE FARMACIAS S.A.)',NULL),(3434,'FARMACIA GUVI (SC))',NULL),(3435,'FARMACIA MARY (SC) SIN NOMBRE)',NULL),(3436,'FARMACIA FARMASOF (SC) )',NULL),(3437,'FARMACIA SANTA CRUZ DE LA SIERRA  (SC))',NULL),(3438,'FARMACIA DAYANA (SC))',NULL),(3439,'FARMACIA ELOHIM (SC) EX. FCIA. VIRGEN DE LA GRUTA)',NULL),(3440,'FARMACIA EVA MARIA (SC))',NULL),(3441,'FARMACIA MERY (SC))',NULL),(3442,'SINEC (SC))',NULL),(3443,'FARMACIA MARIA FERNANDA  (SC))',NULL),(3444,'FARMACIA FARMATODO (SC))',NULL),(3445,'FARMACIA ALMANZA (SC))',NULL),(3446,'FARMACIA GAIA (SC))',NULL),(3447,'FARMACIA PURA VIDA (SC) (CENTRO MEDICO))',NULL),(3448,'CADENA DE FARMACIAS FARMA UNION)',NULL),(3449,'CLINICA CRISTIANA EL BUEN SAMARITANO (SC))',NULL),(3450,'FARMACIA LA MORITA (SC))',NULL),(3451,'FARMACIA LUZ DE JEHOVA (SC) SIN NOMBRE)',NULL),(3452,'FARMACIA SANTA ELIZA (SC))',NULL),(3453,'FARMACIA B & V (LA GUARDIA))',NULL),(3454,'FARMACIA DAVID (SC))',NULL),(3455,'FARMACIA HENROSFARMA (EX.FARMATODO VIRGEN DEL CARMEN) (SC))',NULL),(3456,'FARMACIA LOS JAZMINES (SC))',NULL),(3457,'FARMACIA ARCE (SC))',NULL),(3458,'FARMACIA 25 DE AGOSTO (SC))',NULL),(3460,'FARMACIA HAGAY (EX. BEREA) (SC))',NULL),(3461,'FARMACIA CAMILA (SC) SIN NOMBRE)',NULL),(3462,'DRA. CARMEN SAAVEDRA CONDORI (MINERO))',NULL),(3463,'CLINICA INCOR - INCORFARMA (SC))',NULL),(3464,'FARMACIA PORTACHUELO (SC))',NULL),(3465,'FARMACIA ELYT (SC))',NULL),(3466,'FARMACIA MELY (EX.SANTA CRUZ DEL ORIENTE )(SC))',NULL),(3467,'FARMACIA DIVINO JESUS (SC))',NULL),(3469,'FARMACIA MARINA (SC) SIN NOMBRE)',NULL),(3470,'DAMAS VOLUNTARIAS SANTA CRUZ DAVOSAN (SC))',NULL),(3471,'ESTRATEGICA G & G INTERNATIONAL BUSINESS (SC))',NULL),(3472,'FARMACIA TATA MALTA (SC))',NULL),(3473,'FARMACIA CLELID (SC))',NULL),(3474,'FARMACIA BETHESDA (SC))',NULL),(3475,'HOSPITAL MUNICIPAL FRANCES (SC))',NULL),(3476,'FARMACIA HOSANNA (SC) FARMACIA VIRGEN DE LOURDES (SC))',NULL),(3477,'FARMACIA 16 DE ABRIL (EX.E&R SANDRA) (SC))',NULL),(3478,'FARMACIA E&R (SC))',NULL),(3479,'FARMACIA K Y D FARMA (SC))',NULL),(3480,'FARMACIA TESAI (SC))',NULL),(3481,'FARMACIA BIO TOTAL (SC) SIN NOMBRE)',NULL),(3482,'FARMACIA DANIRA (SC))',NULL),(3483,'FARMACIA PHARMABOL  (SC))',NULL),(3484,'FARMACIA YOLY (EL TORNO))',NULL),(3485,'FARMACIA TERRACOR (SC) SIN NOMBRE)',NULL),(3486,'FARMACIA WARA (SC) SIN NOMBRE)',NULL),(3487,'FARMACIAS HIPERMAXI S.A.)',NULL),(3489,'FARMACIA LENY (SC))',NULL),(3490,'FARMACIA FARMA RENAL SRL. (SC))',NULL),(3491,'FARMACIA PADILLA (SC))',NULL),(3492,'FARMACIA PURA VIDA (SC))',NULL),(3493,'FARMACIA HEBRON (SC) FARMACIA CERRADA)',NULL),(3494,'CAJA PETROLERA DE SALUD (SC))',NULL),(3495,'FARMACIA VEIZAGA (SC))',NULL),(3496,'FARMACIA PHARMA MED    (SC))',NULL),(3497,'FARMACIA CARMEN (SC))',NULL),(3498,'FARMACIA INTERFARMA (SC))',NULL),(3499,'DR. NESTOR VILLEGAS (SC))',NULL),(3500,'FARMACIA J. SHALOM (SC))',NULL),(3501,'FARMACIA ZACONETA (SC))',NULL),(3502,'FARMACIA ROCIO (SC))',NULL),(3503,'FARMACIA VIRGEN DEL ROSARIO (SC))',NULL),(3504,'DRA. YUSELY DANITZA PEREZ (SC))',NULL),(3505,'DRA. SONIA SEMPERTEGUI (SC))',NULL),(3506,'DR. JORGE ESCALANTE (SC))',NULL),(3507,'FARMACIA RAMIREZ (SC))',NULL),(3508,'FARMACIA SAN PEDRO SAN PABLO (SC) SIN NOMBRE)',NULL),(3509,'FARMACIA ROSALIZ (SC))',NULL),(3510,'DR. JORGE TORRICO (SC) (CENTRO MEDICO SUM) SIN NOMBRE)',NULL),(3511,'CLINICA TORREZ (SC))',NULL),(3512,'DR. JUAN CARLOS CASTILLO (SC))',NULL),(3513,'FARMACIA FARMASOL  (SC))',NULL),(3514,'FARMACIA CONVIFAG (SC))',NULL),(3515,'FARMACIA MARBELLA (SC))',NULL),(3516,'FARMACIA ALINE (SC) EX. FCIA. XCLUSIVA  (SC))',NULL),(3517,'FARMACIA ALMUDENA (SC))',NULL),(3518,'FARMACIA GRISELDA (SC) SIN NOMBRE)',NULL),(3519,'FARMACIA ARBOL DE VIDA (SC))',NULL),(3520,'CENTRO DE MADICINA QUIROPRACTICO (SC))',NULL),(3521,'FARMACIA BLANCA (SC) SIN NOMBRE)',NULL),(3522,'FARMACIA VEGA (SC))',NULL),(3523,'CONSULTORIO MEDICO SANTA CATALINA (SC))',NULL),(3524,'FARMACIA  FARMASSIEL (SC) SIN NOMBRE)',NULL),(3525,'FARMACIA JESSI  (SC))',NULL),(3526,'FARMACIA CRISTIANA (SC))',NULL),(3527,'FARMACIA NATHANAEL EX. FARMACIA  JAZIEL (SC))',NULL),(3528,'FARMACIA ROBORE (SC))',NULL),(3529,'FARMACIA DALCY (SC))',NULL),(3530,'FARMACIA ETICA (SC))',NULL),(3531,'CENTRO MEDICO MANANTIAL (SC) FARMACIA BETHESDA SIN NOMBRE)',NULL),(3532,'FARMACIA ABRIL (SC))',NULL),(3533,'FARMACIA CLAUDINA THEBENET /RICARDO(SC))',NULL),(3535,'CLINICA DEL HIGADO (SC))',NULL),(3536,'FARMACIA MEDIPIEL SRL. (SC))',NULL),(3537,'FARMACIA ALTAPHARMA (SC))',NULL),(3539,'FARMACIA C & L (SC) SIN NOMBRE)',NULL),(3540,'FARMACIA FARMAGLEN (EX. SALUD Y VIGOR SUC.1 (SC))',NULL),(3541,'DR. ROLANDO EGUEZ PARADA (SC))',NULL),(3542,'FARMACIA LA MADRE (SC))',NULL),(3543,'FARMACIA IBL (SC))',NULL),(3544,'FARMACIA MARIA AUXILIADORA SUC-1 (SC))',NULL),(3545,'FARMACIA CANITO (MONTERO))',NULL),(3546,'INSTITUTO MUNICIPAL MATERNOLOGICO DR. PERCY BOLAND (SC))',NULL),(3547,'FARMACIA BARUCH (SC))',NULL),(3548,'FARMACIA SANTELICES (SC))',NULL),(3549,'FARMACIA FABIO (SC) SIN NOMBRE)',NULL),(3550,'FARMACIA SANITOS (SC))',NULL),(3551,'FARMACIA CECI (SC))',NULL),(3552,'FARMACIA EDUARDO (SC))',NULL),(3553,'FARMACIA MISKY-SHIMNY (SC))',NULL),(3554,'FARMACIA VIDA SANA (SC))',NULL),(3555,'FARMACIA FARMA LUZ (SC))',NULL),(3556,'FARMACIA MARIAN (SC))',NULL),(3557,'FARMACIA BRIGHIT (SC))',NULL),(3558,'FARMACIA LA ROSA DE GUADALUPE (SC)  ZONA 19 )',NULL),(3559,'FARMACIA DIVINO MAESTRO (SC))',NULL),(3560,'FARMACIA SANTA MARIA URUGUAY SUC. NORTE (SC))',NULL),(3561,'DIMECRUZ (SC))',NULL),(3562,'FARMACIA REPUBLIQUETAS (SC))',NULL),(3563,'FARMACIA SAGRADA FAMILIA (SC))',NULL),(3564,'FARMACIA BENJAMIN (SC) SIN NOMBRE)',NULL),(3565,'FARMACIA FRANCESA SUR (SC))',NULL),(3566,'FARMACIA 21 DE SEPTIEMBRE (SC))',NULL),(3567,'FARMACIA JANCO (SC))',NULL),(3568,'FARMACIA TIERRA HERMOSA (EX. SANTA SUC--1) (SC) SIN NOMBRE)',NULL),(3569,'FARMACIA AL&R (SC))',NULL),(3570,'FARMACIA ZUES (SC))',NULL),(3571,'FARMACIA FARMAMEDIC A & R (SC))',NULL),(3572,'FARMACIA MORALES (SC))',NULL),(3573,'FARMACIA BIO GRACIEL (SC))',NULL),(3574,'FARMACIA FARMA STORE ORIENTAL (SC))',NULL),(3575,'FARMACIA JULIANA (SC) SIN NOMBRE)',NULL),(3576,'FARMACIA OLGA LIDIA (EX. EL NAZARENO) (SC))',NULL),(3577,'FARMACIA BIO SALUD (SC))',NULL),(3579,'FARMACIA DE LA SIERRA (SC))',NULL),(3580,'FARMACIA FEMAJUB (SC))',NULL),(3581,'FARMACIA MARIA ROSA (SC))',NULL),(3582,'FARMACIA ELBA (SC))',NULL),(3583,'FARMACIA ALEJANDRITA SUC. II (SC))',NULL),(3584,'FARMACIA LA GLORIETA (SC))',NULL),(3585,'FARMACIA FARMA MUNDO (SC) SIN NOMBRE)',NULL),(3586,'FARMACIA CIELO (SC))',NULL),(3587,'FARMACIA STAR BIEN  (SC))',NULL),(3588,'FARMACIA ERIKA (SC))',NULL),(3589,'FARMACIA JEHOVA NISI (SC))',NULL),(3590,'FARMACIA YSABEL (SC) EX FARMACIA CANAAN (SC))',NULL),(3591,'FARMACIA LEON  (SC) FARMACIA CERRADA)',NULL),(3592,'FARMACIA BERDEJA (SC))',NULL),(3593,'FARMACIA SOLFARMA (SC) EX FARMACIA FARMABOL (SC))',NULL),(3594,'FARMACIA SAN SANITO (SC))',NULL),(3595,'FARMACIA ADRIAN (SC))',NULL),(3596,'CENTRO INTEGRAL DE SALUD PROFAMILIA C.I.S. (SC))',NULL),(3597,'FARMACIA KIDMAN (CONSULT. MEDICO DR. RONY ROCA) (SC))',NULL),(3598,'FARMACIA SUSAN  (SC))',NULL),(3599,'FARMACIA GINA (SC))',NULL),(3600,'FARMACIA FARMABEL (SC) SIN NOMBRE)',NULL),(3601,'FARMACIA PATTY (SC))',NULL),(3602,'FARMACIA FARMAESQUIA (SC))',NULL),(3604,'FARMACIA VICTORIA DEL CARPIO (SC) SIN NOMBRE)',NULL),(3605,'FARMACIA FARMAVID (SC)  Antes (Fcia. Salem))',NULL),(3606,'FARMACIA CALIFORNIA (SC))',NULL),(3607,'FARMACIA NAHOMI ARIANE (SC))',NULL),(3608,'FARMACIA VIRGEN LA BELLA (SC))',NULL),(3609,'FARMACIA EL FUERTE (SC))',NULL),(3611,'FARMACIA LEFANA (SC))',NULL),(3612,'CADENA DE FARMACIAS VILLA)',NULL),(3613,'CADENA DE FARMACIAS ALTO SAN PEDRO)',NULL),(3614,'CADENA DE FARMACIAS MUTUALISTA)',NULL),(3615,'CADENA DE FARMACIAS 7 CALLES)',NULL),(3616,'CADENA DE FARMACIAS NORTE)',NULL),(3617,'FARMACIA T & R (EX.TORNADO) (SC))',NULL),(3618,'FARMACIA TAURO (SC))',NULL),(3619,'CADENA DE FARMACIAS PAMPA DE LA ISLA)',NULL),(3620,'COTEL LA PAZ LTDA. )',NULL),(3621,'CORPORACION BOLIVIANA DE FARMACIAS SUC. AYACUCHO)',NULL),(3622,'FARMACIA GRAN CHACO (SC) SIN NOMBRE)',NULL),(3623,'FARMACIA PRIMICIA (SC) SIN NOMBRE)',NULL),(3624,'FARMACIA FORONDA (SC) SIN NOMBRE)',NULL),(3625,'FARMACIA MAGISTRAL (SC))',NULL),(3626,'FARMACIA ANTOFAGASTA (SC))',NULL),(3627,'FARMACIA PAZ EN LA TORMENTA (SC))',NULL),(3628,'FARMACIA NOSTAS (SC))',NULL),(3629,'FARMACIA VICTORIA (SC))',NULL),(3630,'CADENA DE FARMACIAS FARMA VIDA)',NULL),(3631,'FARMACIA URIONA (SC))',NULL),(3632,'FARMACIA 26 DE ENERO (SC))',NULL),(3633,'FARMACIA MANANTIAL (SC))',NULL),(3634,'FARMACIA FARMARED (SC))',NULL),(3635,'FARMACIA ANDREA H & M (SC))',NULL),(3636,'FARMACIA VIRGEN DE LORETO I (SC))',NULL),(3638,'FARMACIA 11 DE ENERO (SC))',NULL),(3639,'FARMACIA NORITA (SC) SIN NOMBRE)',NULL),(3640,'FARMACIA FARMA LIZ (SC))',NULL),(3641,'FARMACIA CELIMAR (SC))',NULL),(3642,'DIFARTEC (EX.DITECFAR) (SC))',NULL),(3643,'FARMACIA TALITA CUMI (SC))',NULL),(3644,'FARMACIA R & K (SC))',NULL),(3645,'FARMACIA MAGE (SC))',NULL),(3646,'FARMACIA GARCIA CENTRAL (SC))',NULL),(3647,'FARMACIA ENERGIA (LA GUARDIA))',NULL),(3649,'FARMACIA PHARMA TODO (MONTERO))',NULL),(3651,'FARMACIA JESUS NAZARENO (WARNES))',NULL),(3652,'FARMASTORE WARNES (WARNES))',NULL),(3653,'FARMACIA SAN ANTONIO (MONTERO))',NULL),(3654,'FARMACIA EL CRISTO (MONTERO))',NULL),(3655,'FARMACIA MILAGROS EX.CORIA (MONTERO))',NULL),(3656,'FARMACIA MAMI AURA (WARNES))',NULL),(3657,'CONSULTORIO CRUZ DEL SUR (EL TORNO))',NULL),(3658,'FARMACIA ESLYT  (LA GUARDIA))',NULL),(3659,'FARMACIA FARMADERECK (EX.NURIA) (EL TORNO))',NULL),(3661,'FARMACIA BRAVO (WARNES))',NULL),(3662,'FARMACIA GETSEMANI (WARNES))',NULL),(3663,'FARMACIA SORIA (SC))',NULL),(3664,'FARMACIA LA BENDICION  (EL TORNO))',NULL),(3665,'FARMACIA SAN PEDRO (MONTERO) SIN NOMBRE)',NULL),(3666,'FARMACIA GALINDO (EL TORNO))',NULL),(3667,'FARMACIA LOS ANGELES (MONTERO))',NULL),(3669,'FARMACIA MARIA CABALLERO (MONTERO))',NULL),(3670,'FARMACIA PAZ LIT S.R.L. (EX.EL TORNO) (EL TORNO))',NULL),(3671,'FARMACIA NACIONAL EL TORNO (EL TORNO))',NULL),(3672,'FARMACIA SANTIAGO APOSTOL  (LA GUARDIA))',NULL),(3673,'FARMACIA SENOR DE MALTA (EL TORNO))',NULL),(3675,'FARMACIA GALAAD (SC))',NULL),(3676,'FARMACIA LITORAL (EL TORNO) SIN NOMBRE)',NULL),(3677,'FARMACIA DURAND (EL TORNO) )',NULL),(3678,'FARMACIA RUBY PAZ (EL TORNO) Antes Gamaliel)',NULL),(3679,'FARMACIA THELMA (EL TORNO))',NULL),(3680,'FARMACIA NAZARET (MONTERO))',NULL),(3682,'FARMACIA 15 DE OCTUBRE (MONTERO))',NULL),(3683,'FARMACIA MARLETH (MONTERO))',NULL),(3684,'FARMACIA SANTIS (LA GUARDIA))',NULL),(3685,'FARMACIA VIOLETA (LA GUARDIA))',NULL),(3686,'FARMACIA LA GUARDIA (LA GUARDIA))',NULL),(3687,'FARMACIA SANTA LUCIA (LA GUARDIA)SIN NOMBRE)',NULL),(3688,'GOBIERNO AUTONOMO MUNICIPAL DE LA GUARDIA (LA GUARDIA))',NULL),(3689,'FARMACIA CARIDAD (LA GUARDIA) SIN NOMBRE)',NULL),(3690,'FARMACIA EL CRISTO (LA GUARDIA))',NULL),(3691,'FARMACIA FIORELLA (SC))',NULL),(3692,'FARMACIA MARILU (LA GUARDIA))',NULL),(3694,'CENTRO INTEGRAL COMPASION (CDI-BO-326))',NULL),(3706,'FARMACIA JUDITH (SC))',NULL),(3711,'FARMACIA ALIVIOFARMA (MONTERO) SIN NOMBRE)',NULL),(3714,'FARMACIA ARNEZ (MONTERO) SIN NOMBRE)',NULL),(3715,'FARMACIA ASUNCION (MONTERO))',NULL),(3716,'FARMACIA BALDERRAMA (MONTERO) SIN NOMBRE)',NULL),(3717,'FARMACIA BELEN (MONTERO))',NULL),(3718,'FARMACIA BIO PHARMA (MONTERO))',NULL),(3719,'FARMACIA DON OSCAR (MONTERO) SIN NOMBRE)',NULL),(3720,'FARMACIA HURTADO (MONTERO) SIN NOMBRE)',NULL),(3721,'FARMACIA JERUSALEN (MONTERO) SIN NOMBRE)',NULL),(3722,'FARMACIA LA SALUD (MONTERO) SIN NOMBRE)',NULL),(3723,'FARMACIA MADRE DE DIOS (MONTERO) SIN NOMBRE)',NULL),(3724,'FARMACIA MATILDE (MONTERO))',NULL),(3725,'FARMACIA MODERNA (MONTERO))',NULL),(3726,'FARMACIA NOSTAS (MONTERO))',NULL),(3727,'FARMACIA PALMA (MONTERO) SIN NOMBRE)',NULL),(3728,'FARMACIA SAGRADO CORAZON (MONTERO) SIN NOMBRE)',NULL),(3729,'FARMACIA SAN BARTOLOME (MONTERO) SIN NOMBRE)',NULL),(3730,'FARMACIA SAN FRANCISCO DE ASIS (MONTERO))',NULL),(3731,'FARMACIA SAN JORGE (MONTERO) SIN NOMBRE)',NULL),(3732,'FARMACIA SAN JOSE (MONTERO))',NULL),(3733,'FARMACIA SAN JUAN (MONTERO) SIN NOMBRE)',NULL),(3734,'FARMACIA SAN SALVADOR (MONTERO) SIN NOMBRE)',NULL),(3735,'FARMACIA SANTA CRUZ (MONTERO) SIN NOMBRE)',NULL),(3736,'FARMACIA SANTA TERESITA (MONTERO) SIN NOMBRE)',NULL),(3738,'FARMACIA VICTORIA (MONTERO))',NULL),(3739,'FARMACIA YARVI (MONTERO))',NULL),(3740,'FARMACIA VIRGEN DE COTOCA (MONTERO))',NULL),(3741,'FARMACIA MARIA AUXILIADORA (MONTERO))',NULL),(3742,'MEDICINA REGENERATIVA ARROYO S.R.L. (MONTERO) FARMACIA JALDIN)',NULL),(3743,'FARMACIA ORELLANA (MONTERO) SIN NOMBRE)',NULL),(3744,'FARMACIA CRISTAL (MONTERO))',NULL),(3746,'FARMACIA NINO JESUS (MONTERO))',NULL),(3747,'FARMACIA DAMARIS (MONTERO))',NULL),(3748,'CLINICA NORTE (MONTERO))',NULL),(3749,'FARMACIA BOLIVIA (MONTERO))',NULL),(3750,'FARMACIA VIDAL - CLINICA VIDAL (MONTERO))',NULL),(3751,'CENTRO MEDICO MAXIMILIANO KOLBE (MONTERO))',NULL),(3752,'FARMACIA MONTERO (MONTERO))',NULL),(3753,'FARMACIA INGAVI (MONTERO) )',NULL),(3754,'FARMACIA PHARMA CENTER SAN ANDRES (MONTERO) SIN NOMBRE)',NULL),(3755,'CENTRO MEDICO NORI (MONTERO))',NULL),(3756,'FARMACIA VARGAS (MONTERO))',NULL),(3757,'FARMACIA UNIMAX (MONTERO))',NULL),(3758,'FARMACIA SAN JUDAS TADEO (MONTERO) SIN NOMBRE)',NULL),(3759,'FARMACIA PASTOR DIAS (MONTERO)SIN NOMBRE)',NULL),(3760,'FARMACIA VIRGEN DE GUADALUPE (MONTERO) SIN NOMBRE)',NULL),(3761,'CLINICA ORELLANA (MONTERO))',NULL),(3762,'FARMACIA SAN MARTIN DE PORREZ (MONTERO) SIN NOMBRE)',NULL),(3763,'FARMACIA ALISON (MONTERO))',NULL),(3764,'FARMACIA HERMANOS JIMENEZ (SC))',NULL),(3765,'FARMACIA SANTA ROSA DEL SARA (MONTERO) SIN NOMBRE)',NULL),(3766,'FARMACIA SAN RAMON (MONTERO))',NULL),(3768,'FARMACIA OCCIDENTAL (SC) EX HOREB (SC))',NULL),(3770,'GOBIERNO AUTONOMO MUNICIPAL DE SANTA CRUZ (SC))',NULL),(3777,'FARMACIA SAN ALBERTO (MONTERO))',NULL),(3779,'FARMACIA VIRGEN DE CANDELARIA (MONTERO))',NULL),(3781,'FARMACIA 18 DE ENERO (SC))',NULL),(3782,'FARMACIA EGLABEMEDICAL (MONTERO))',NULL),(3784,'FARMACIA DERMA (WARNES) )',NULL),(3785,'FARMACIA IRENE (WARNES))',NULL),(3786,'FARMACIA LA SALUD (WARNES) SIN NOMBRE)',NULL),(3789,'FARMACIA VIRGEN DEL ROSARIO (WARNES))',NULL),(3790,'FARMACIA VIRGEN MARIA (WARNES))',NULL),(3791,'FARMACIA WARNES (WARNES))',NULL),(3792,'FARMACIA NIRVANA (WARNES)SIN NOMBRE)',NULL),(3793,'FARMACIA JAH-RA (SC))',NULL),(3794,'FARMACIA SAN CARLOS (WARNES) )',NULL),(3795,'FARMACIA PAPA FRANCISCO I (EL TORNO))',NULL),(3797,'FARMACIA CRISTO JESUS (WARNES))',NULL),(3804,'FARMACIA SEGOVIA (SC))',NULL),(3814,'FARMACIA LLANTEN S.R.L.(SC))',NULL),(3818,'FARMACIA ZURISADAI (SC))',NULL),(3820,'FARMACIA LA SAGRADA FAMILIA (SC) FARMACIA CELY)',NULL),(3822,'FARMACIA MARIA JOSE (SC))',NULL),(3823,'CENTRO MEDICO SAN SALVADOR (SC))',NULL),(3824,'FARMACIA MEDICAL S.R. (SC))',NULL),(3825,'FARMACIA LA FORTALEZA (SC))',NULL),(3826,'FARMACIA TANIA (SC))',NULL),(3827,'FARMACIA CORTEZ (SC))',NULL),(3828,'FARMACIA ANTONELLA (SC))',NULL),(3830,'FARMACIA ORELLANA (SC) SIN NOMBRE)',NULL),(3831,'FARMACIA EUNICE (ANTES CHANEL) (SC))',NULL),(3849,'FARMACIA SALAZAR (MONTERO))',NULL),(3850,'FARMACIA ESCOBAR (MONTERO))',NULL),(3851,'FARMACIA HIPERMAXI PARAGUA)',NULL),(3852,'FARMACIA HIPERMAXI MANUEL IGNACIO S.)',NULL),(3853,'FARMACIA HIPERMAXI NORTE)',NULL),(3854,'FARMACIA HIPERMAXI SUR)',NULL),(3855,'FARMACIA HIPERMAXI LAS PALMAS)',NULL),(3856,'FARMACIA HIPERMAXI ARGOMOZA)',NULL),(3857,'FARMACIA HIPERMAXI IRALA)',NULL),(3858,'FARMACIA HIPERMAXI 3 PASOS AL FRENTE)',NULL),(3859,'FARMACIA HIPERMAXI PAMPA DE LA ISLA)',NULL),(3860,'FARMACIA HIPERMAXI ISABEL LA CATOLICA)',NULL),(3861,'FARMACIA HIPERMAXI SUPERCENTER)',NULL),(3862,'FARMACIA HIPERMAXI EL BAJIO)',NULL),(3863,'FARMACIA HIPERMAXI PIRAY)',NULL),(3864,'FARMACIA HIPERMAXI VILLA)',NULL),(3865,'FARMACIA HIPERMAXI BARRON)',NULL),(3866,'FARMACIA HIPERMAXI CENTENARIO)',NULL),(3867,'FARMACIA HIPERMAXI EQUIPETROL)',NULL),(3869,'FARMACIA HIPERMAXI URBANIZACION ESPANA)',NULL),(3870,'FARMACIA HIPERMAXI CANOTO)',NULL),(3871,'PROSALUD - ALEMANA)',NULL),(3872,'PROSALUD - EL CARMEN)',NULL),(3873,'PROSALUD - FOIANINI)',NULL),(3874,'PROSALUD - HEROES DEL CHACO)',NULL),(3875,'PROSALUD - ISMAEL SUAREZ)',NULL),(3876,'PROSALUD - LA CUCHILLA)',NULL),(3877,'PROSALUD - LA MADRE)',NULL),(3878,'PROSALUD - LA MORITA)',NULL),(3879,'PROSALUD - LAS PAMPITAS)',NULL),(3880,'PROSALUD - LOS LOTES)',NULL),(3881,'PROSALUD - VILLA PILLIN)',NULL),(3882,'FARMACIA CRISELI (SC))',NULL),(3883,'PROSALUD - LA RAMADA)',NULL),(3889,'GOBIERNO AUTONOMO DEPARTAMENTAL DE SANTA CRUZ)',NULL),(3890,'FARMACIA SENZANO (SC))',NULL),(3891,'GOBIERNO AUTONOMO MUNICIPAL DE MONTERO)',NULL),(3892,'FARMACIA CAROLITA (WARNES))',NULL),(3893,'FARMACIA GLORIA QUIROGA (WARNES))',NULL),(3896,'RED DE SALUD SUR CENTRO DE SALUD LA COLORADA )',NULL),(3904,'CADENA FARMA LIDER SUC-24 SEPTIEMBRE)',NULL),(3905,'CADENA FARMA LIDER SUC-MUTUALISTA)',NULL),(3906,'CADENA FARMA LIDER SUC-TROMPILLO)',NULL),(3907,'CADENA FARMA LIDER SUC-GRIGOTA)',NULL),(3908,'CADENA FARMA LIDER SUC-HOME CENTER)',NULL),(3909,'CADENA FARMA LIDER SUC-VIEDMA)',NULL),(3910,'CADENA FARMA LIDER SUC-COLON)',NULL),(3911,'CADENA FARMA LIDER SUC-ALEMANA)',NULL),(3912,'CADENA FARMA LIDER SUC-VILLA 1RO.MAYO)',NULL),(3918,'RED DE SALUD CENTRO (SC))',NULL),(3919,'FARMACIA LUZ Y VIDA (SC))',NULL),(3921,'FARMACIA EL PARI (SC) SIN NOMBRE)',NULL),(3922,'FARMACIA OLIVIA (SC)  SIN NOMBRE)',NULL),(3923,'FARMACIA GUZMAN (MONTERO))',NULL),(3924,'FARMACIA BALDERRAMA (SC) SIN NOMBRE)',NULL),(3925,'FARMACIA HIPERMAXI RADIAL 26)',NULL),(3926,'FARMACIA LA MISION (SC))',NULL),(3927,'FARMACIA PAZ LIT S.R.L. SUC. 1 (EX.MARIA) (TORNO))',NULL),(3930,'FARMACIA SAN JUAN DE DIOS (WARNES))',NULL),(3931,'FARMACIA REY DE REYES (MONTERO))',NULL),(3933,'FARMACIA SAN FRANCISCO XAVIER (SC))',NULL),(3938,'FARMACIA SAN GABRIEL  (EX. SAN GABRIELITO))',NULL),(3941,'FARMACIA UNIKFARMA (SC))',NULL),(3942,'FARMACIA ANNEL (SC))',NULL),(3943,'FARMACIA FARMA NATURA (SC))',NULL),(3944,'FARMACIA XIMENA (SC))',NULL),(3945,'FARMACIA LUZ DE LA SALUD (SC))',NULL),(3946,'FARMACIA BENEDICTO (SC))',NULL),(3947,'FARMACIA PARIS (2) (SC))',NULL),(3948,'FARMACIA ALTAFARM (SC))',NULL),(3949,'FARMACIA FARMALIX (WARNES) SIN NOMBRE)',NULL),(3950,'FARMACIA VALLEJOS (SC))',NULL),(3954,'FARMACIA MAELO ( LA GUARDIA))',NULL),(3955,'FARMACIA 4 DE MAYO EX.FARMACIA DORIS (SC))',NULL),(3956,'FARMACIA DIVINO CREADOR (MONTERO))',NULL),(3957,'FARMACIA SANTO DOMINGO ( MONTERO))',NULL),(3958,'DRA. NORAH SAAVEDRA VARGAS)',NULL),(3959,'FARMACIA MARIA LAURA (SC) SIN NOMBRE)',NULL),(3960,'FARMACIA EUROPEA (SC))',NULL),(3961,'FARMACIA CORAZON DE JESUS (WARNES))',NULL),(3962,'FARMACIAS PLAZA - SUC-BANZER)',NULL),(3963,'FARMACIAS PLAZA SUC-BUSCH)',NULL),(3964,'FARMACIAS PLAZA SUC-VIRGEN DE COTOCA)',NULL),(3965,'FARMACIAS PLAZA - SUC.EL CRISTO)',NULL),(3966,'FARAMACIAS PLAZA SUC-GRIGOTA)',NULL),(3967,'FARMACIAS PLAZA SUC-EUROPA)',NULL),(3968,'FARMACIAS PLAZA SUC-HAMACAS)',NULL),(3969,'FARMACIAS PLAZA SUC-IRALA)',NULL),(3970,'FARMACIAS PLAZA SUC-MELCHOR PINTO)',NULL),(3971,'FARMACIA FARMAX (SC))',NULL),(3972,'DR. REMY SANJINEZ RODRIGUEZ (SC))',NULL),(3973,'FARMACIA FARMACEM (SC))',NULL),(3975,'FARMACIA DON BOSCO (SC) )',NULL),(3976,'FARMACIA FARMACRUZ NORTE (MONTERO))',NULL),(3977,'CLINICA EL TROMPILLO (SC))',NULL),(3978,'FARMACIA MARBEL  (SC) SIN NOMBRE)',NULL),(3979,'FARMACIA 7 DE AGOSTO (SC))',NULL),(3980,'HOSPITAL CATOLICO (SC))',NULL),(3981,'FARMACIA EL ALBA (SC))',NULL),(3982,'FARMACIA COMARAPA (SC))',NULL),(3985,'FARMACIA ANGEL GABRIEL (SC))',NULL),(3986,'FARMACIA VIDA ABUNDANTE (SC))',NULL),(3987,'FARMACIA HIPERMAXI STOS.DUMONT 6TO.)',NULL),(3988,'FARMACIA ARVI (SC))',NULL),(3989,'FARMACIA PREMIER (SC))',NULL),(3990,'FARMACIA OKINAWA SUC I (LOS POZOS) (SC))',NULL),(3991,'FARMACIA OKINAWA SUC 2 (MUTUALISTA) (SC))',NULL),(3992,'FARMACIA OKINAWA SUC. 3 (VILLA 1RO DE MAYO) (SC))',NULL),(3993,'FARMACIA OKINAWA SUC. 4 (PLAN 3000) (SC))',NULL),(3994,'FARMACIA ARCO IRIS (SC))',NULL),(3995,'FARMACIA CAMINO REAL (SC) SIN NOMBRE)',NULL),(3996,'FARMACIA BMV (EX. BERRIOS) (SC))',NULL),(3998,'CORPORACION BOLIVIANA DE FARMACIAS SUC. SATELITE NORTE (WARNES)',NULL),(3999,'FARMACIA DANIELY (SC))',NULL),(4000,'FARMACIA MASVIDA (SC))',NULL),(4001,'FARMACIA JAPON (SC))',NULL),(4002,'FARMACIA BUEN RETIRO (SC))',NULL),(4003,'FARMACIA 18 DE ABRIL  R. (WARNES))',NULL),(4004,'FARMACIA ROMA (SC))',NULL),(4005,'FARMACIA BELLA FLOR (EX. FCIA. GAMA) (SC))',NULL),(4006,'RED DE SALUD NORTE (SC))',NULL),(4007,'FARMACIA DORADO (SC))',NULL),(4008,'FARMACIA SAN JOSE (SC))',NULL),(4009,'FARMACIA GERMAN MORENO (MONTERO))',NULL),(4010,'FARMACIA NUEVO HORIZONTE (MONTERO))',NULL),(4011,'FARMACIA JULIANA KM (MONTERO))',NULL),(4013,'DR. ROLANDO HURTADO (SC))',NULL),(4014,'CORPORACION BOLIVIANA DE FARMACIA S SUC. VILLA 1RO DE MAYO (SC))',NULL),(4015,'CORPORACION BOLIVIANA DE FARMACIAS SUC. LA CUCHILLA (SC))',NULL),(4016,'CORPORACION BOLIVIANA DE FARMACIAS SUC. II SATELITE  (WARNES))',NULL),(4017,'FARMACIA FARMABIEN (SC))',NULL),(4018,'FARMACIA BELEN (WARNES))',NULL),(4019,'FARMACIA NAKIOMY (SC) SIN NOMBRE)',NULL),(4020,'FARMACIA SUDAMERICANA (SC))',NULL),(4021,'FARMACIA CORAZON DE JESUS S.O. (MONTERO))',NULL),(4022,'FARMACIA IBERICA (SC))',NULL),(4024,'FARMACIA FARID (SC) SIN NOMBRE)',NULL),(4025,'FARMACIA VERALUZ (SC))',NULL),(4026,'FARMACIA SASHA (SC))',NULL),(4027,'FARMACIA LOS POZOS (SC) )',NULL),(4028,'FARMACIA LUZ DE SAN MATIAS (MONTERO))',NULL),(4029,'CADENA FARMA LIDER SUC-NORTE)',NULL),(4031,'FARMACIA LA AMISTAD (SC))',NULL),(4032,'FARMACIA IYAMBAE (LA GUARDIA))',NULL),(4034,'FARMACIA YOYI (SC))',NULL),(4036,'FARMACIA MICAELA (SC))',NULL),(4037,'FARMACIA SANTIAGO JR. (SC))',NULL),(4038,'FARMACIA LA GOTA FARMACEUTICA (SC))',NULL),(4039,'FARMACIA SATELITE (SC))',NULL),(4041,'CADENA FARMA LIDER SUC-HOSPITAL OBRERO)',NULL),(4043,'FARMACIA CORTEZ (LA GUARDIA))',NULL),(4044,'FARMACIA LA GLORIETA (WARNES))',NULL),(4045,'FARMACIA SAN MIGUEL (MONTERO))',NULL),(4046,'FARMACIA ISAIAS (SC))',NULL),(4047,'FARMACIA TRIUNO FORMULAS MAGISTRALES (SC))',NULL),(4048,'FARMACIA BENITA (SC))',NULL),(4051,'FARMACIA LUZ DE COPACABANA (SC))',NULL),(4053,'HOSPITAL JAPONES (SC))',NULL),(4054,'FARMACIA IVONNE (SC))',NULL),(4055,'FARMACIA JOEL (SC))',NULL),(4056,'FARMACIA LUCIANA (SC))',NULL),(4057,'DR. MARIO ROLANDO POMIER GOMEZ (SC))',NULL),(4058,'FARMACIA CENTRO DE SALUD CLEM (MONTERO))',NULL),(4061,'FARMACIA HIPERMAXI AV.BENI)',NULL),(4062,'CLINICA MONTERO SRL. (EX.FCIA. NAVARRO) (MONTERO))',NULL),(4063,'FARMACIA ALESFER (SC))',NULL),(4064,'FARMACIA MARILU SUC. (SC))',NULL),(4065,'FARMACIA VIRREIRA (SC))',NULL),(4067,'FARMACIA PURISIMA VIRGEN MARIA DE COTOCA (SC))',NULL),(4068,'FARMACIA LUZ DE ESPERANZA (SC))',NULL),(4069,'FARMACIA OKINAWA  SUC. 5 (PAURITO) (SC))',NULL),(4070,'FARMACIA OKINAWA SUC. 6 (EL PARAISO) (SC))',NULL),(4072,'FARMACIA BROUSET (SC))',NULL),(4074,'FARMACIA BERNABE (SC))',NULL),(4075,'CAJA NACIONAL DE SALUD (SC))',NULL),(4076,'FARMACIA BARRIENTOS (MONTERO))',NULL),(4078,'FARMACIA NUEVA GENERACION (SC))',NULL),(4079,'FARMACIA VELASQUEZ (SC))',NULL),(4080,'FARMACIA FARMA STAR (EX. ANA BARBA) (SC) SIN NOMBRE)',NULL),(4081,'FARMACIA IRCA SUC. (SC))',NULL),(4082,'FARMACIA ZAMBRANA (SC))',NULL),(4083,'FARMACIA CREMER (SC))',NULL),(4084,'FARMACIA SAN SILVESTRE 318 (WARNES))',NULL),(4086,'FARMACIA BALZU (SC))',NULL),(4087,'FARMACIA FARMA U (SC))',NULL),(4088,'FERIA EXPOSICION)',NULL),(4089,'FARMACIA SONYA  (SC))',NULL),(4090,'FARMACIA CALIPSO (EX VENUS)   (SC))',NULL),(4091,'FARMACIA PHARMALUNA (MONTERO))',NULL),(4092,'FARMACIA SAN SILVESTRE (SC))',NULL),(4093,'FARMACIA BARCO (SC))',NULL),(4094,'FARMACIA LA CAPITAL (SC))',NULL),(4095,'FARMACIA NICOLAS (SC))',NULL),(4096,'CADENA FARMA LIDER SUC-MERCADO MUTUALIST)',NULL),(4097,'FARMACIA EL MANA (SC))',NULL),(4098,'FARMACIA 25 DE MAYO (SC))',NULL),(4099,'FARMACIA AVELIER (SC))',NULL),(4100,'FARMACIA CAMPOS DE SALUD (LA GUARDIA))',NULL),(4101,'FARMACIA LUZ DE TU VISION SUC. 2 (SC))',NULL),(4103,'FARMACIA BUENA VISTA (SC))',NULL),(4104,'VICTOR HUGO SAAVEDRA)',NULL),(4105,'FARMACIA ROSALIN (SC))',NULL),(4108,'BIOSUR (SC))',NULL),(4109,'FARMACIA ARCANGELES DE DIOS (SC))',NULL),(4110,'FARMACIA CARVAL (SC) SIN NOMBRE)',NULL),(4111,'FARMACIA WORLD FARMA (SC))',NULL),(4112,'FARMACIA BUENA ESPERANZA (SC))',NULL),(4114,'FARMACIA LOREDO (SC))',NULL),(4117,'CIES (MONTERO))',NULL),(4118,'FARMACIA HOSP.ALFONSO GUMUCIO R.(MONTERO))',NULL),(4120,'FARMACIA DON MARIO (MONTERO))',NULL),(4121,'CENTRO CRISTIANO CASA DE ORACION)',NULL),(4122,'FARMACIA ABIGAIL (SC))',NULL),(4123,'FARMACIA REAL (SC))',NULL),(4124,'FARMACIA QUIROGA (SC) SIN NOMBRE)',NULL),(4126,'FARMACIA CARRASCO (SC))',NULL),(4127,'FARMACIA LUZ DEL REY (SC))',NULL),(4128,'FARMACIA 27 DE MAYO SUC. I (SC))',NULL),(4129,'FARMACIA ROMERO (SC))',NULL),(4131,'FARMACIA ROMANETH (SC))',NULL),(4132,'FARMACIA VALERY (SC) EX. FCIA. NORDAN (SC))',NULL),(4133,'FARMACIA BRISTOL (SC))',NULL),(4134,'FARMACIA ANITA (SC))',NULL),(4135,'FARMACIA JOSMAR (SC))',NULL),(4136,'FARMACIA MEDICA P Y H (SC))',NULL),(4137,'FARMACIA CRISTO REDENTOR (MONTERO))',NULL),(4138,'DR. EDWIN RUIZ )',NULL),(4139,'FARMACIA MARIA INES (SC))',NULL),(4140,'FARMACIA EXELMANS (SC) SIN NOMBRE)',NULL),(4141,'FARMACIA YASENDI (SC))',NULL),(4142,'FARMACIA 2 DE JUNIO (SC))',NULL),(4143,'FARMACIA CRUZ DEL SUR (SC))',NULL),(4146,'CADENA DE FARMA LIDER SUC-CANOTO (SC))',NULL),(4147,'FARMACIA GREGORY (SC))',NULL),(4158,'FARMACIA MIKYTA (SC))',NULL),(4162,'FARMACIA HIPERMAXI ROCA Y CORONADO)',NULL),(4163,'FARMACIA SUPERFARMA VALLEJOS LUCINDA (SC))',NULL),(4165,'FARMACIA AMAYA (SC))',NULL),(4166,'FARMACIA DIEGO MAURICIO (SC))',NULL),(4167,'FARMACIA J Y J (SC))',NULL),(4168,'OSCAR HUANACOTA CHOQUECHAMBI (SC))',NULL),(4169,'CONSULTORIO DE ESPECIALIDADES MEDICAS SATELITE (WARNES))',NULL),(4171,'FARMACORP PARQUE INDUSTRIAL (SC))',NULL),(4174,'FARMACIA BIO-NEOGENESIS (SC))',NULL),(4177,'FARMACIA VITAL JORGE (SC))',NULL),(4179,'FARMACIA VARGAS (SC))',NULL),(4182,'FARMACIA ASMIR S.R.L. (SC))',NULL),(4183,'FARMACIA SANTIESTEVAN (SC))',NULL),(4185,'FARMACIA 7 DE MARZO (EX. SAN JORGE) (SC))',NULL),(4186,'FARMACIA FARMA LIDER SUC. PIRAI (SC))',NULL),(4187,'FARMACIA IRENE (SC))',NULL),(4188,'FARMACIA ESTAR SANO (SC))',NULL),(4189,'FARMACIA VIRGEN DE ALTA GRACIA)',NULL),(4190,'FARMACIA  LAS PAMPITAS (SC))',NULL),(4192,'FARMACIA BEQUER (SC) EX FARMACIA IMPORTRADING CRZ (SC))',NULL),(4194,'GOBIERNO AUTONOMO MUNICIPAL DE WARNES (WARNES))',NULL),(4195,'CADENA FARMA LIDER SUC-VENTURA MALL)',NULL),(4196,'FARMACIA HIPERMAXI BLACUTT (SC))',NULL),(4197,'FARMACIA SAGRADO CORAZON DE JESUS Y MARIA (SC))',NULL),(4200,'FARMACIA VIDA SANA SUC. (SC))',NULL),(4201,'PRO-MUJER REGINAL SANTA CRUZ )',NULL),(4202,'FARMACIA RODAS (SC))',NULL),(4203,'FARMACIA JESUS MI SALVADOR (SC))',NULL),(4204,'FARMACIA BOTI-K (SC))',NULL),(4205,'CONSEJO DE SALUD RURAL ANDINO (MONTERO))',NULL),(4208,'FARMACIA MICHELLE (SC))',NULL),(4209,'FARMACIA ALESTHER (SC))',NULL),(4210,'FARMACIA ROSY & MARY (SC))',NULL),(4211,'FARMACIA GALINDO (SC))',NULL),(4214,'CORPORACION BOLIVIANA DE FARMACIA S SUC. ABASTO (SC))',NULL),(4215,'FARMACIA CAREVA (SC))',NULL),(4217,'FARMACIA BAUTISTA (MONTERO))',NULL),(4218,'FARMACIA 14 FARMA (SC))',NULL),(4220,'FARMACIA DR. SANITO (SC))',NULL),(4221,'FARMACIA JUAN CARLOS  (WARNES))',NULL),(4223,'FARMACIA DILMA (SC))',NULL),(4224,'FARMACIA RODRIGUEZ (SC))',NULL),(4225,'FARMACIA ASAEL (SC))',NULL),(4226,'FARMACIA ROCA FUERTE (SC))',NULL),(4227,'FARMACIA ALEXANDRIA (SC))',NULL),(4228,'FARMACIA ODRES NUEVOS (SC))',NULL),(4229,'FARMACIA MARTINEZ CARDONA (MONTERO))',NULL),(4230,'FARMACIA FIGUEROA S.R.L. (SC))',NULL),(4231,'FARMACIA VIENA S.R.L. (SC))',NULL),(4233,'FARMACIA LARITA (SC))',NULL),(4234,'FARMACIA 28 DE SEPTIEMBRE (SC))',NULL),(4235,'FARMACIA 3 DE DICIEMBRE (SC))',NULL),(4237,'FARMACIA FARMA LUIS (EL TORNO))',NULL),(4238,'FARMACIA ECOFARMACIA (SC))',NULL),(4239,'FARMACIA GISEL AYLIN (LA GUARDIA))',NULL),(4240,'FARMACIA SAN MIGUEL ARCANGEL SUC. 1 (SC))',NULL),(4241,'FARMACIA EFRAIN (SC))',NULL),(4243,'FARMACIA HIPERMAXI PLAN 3000 (SC))',NULL),(4244,'FARMACIA SILOE (MONTERO))',NULL),(4245,'FARMACIA MERCEDES (SC))',NULL),(4246,'FARMACIA FARMA CUELLAR (SC))',NULL),(4247,'DIXFARMA (SC))',NULL),(4248,'CADENA FARMA LIDER ALMACEN CENTRAL)',NULL),(4249,'FARMACIA ROCHA (SC))',NULL),(4250,'FARMACIA VMC-FARMAUNION (SC))',NULL),(4251,'FARMACIA MAR Y SOL (SC))',NULL),(4252,'FARMACIA DE CHAGUAYA (SC) SIN NOMBRE)',NULL),(4253,'FARMACIA CHUQUISACA (SC))',NULL),(4254,'FARMACIA SOMOS FARMA (SC))',NULL),(4255,'FARMACIA METRO S.R.L. (SC))',NULL),(4256,'FARMACIA DANIELYS (SC))',NULL),(4257,'FARMACIA FARMAFER (SC))',NULL),(4258,'FARMACIA FARMAMEDIC (SC) EX ARVI SUC I )',NULL),(4259,'FARMACIA VEI-GUZ (SC))',NULL),(4260,'FARMACIA RANDY (SC))',NULL),(4262,'FARMACIA MEGAFARMA SUC. 1 (SC))',NULL),(4264,'FARMACIA ANTEZANA G. (SC))',NULL),(4265,'FARMACIA ALEI (SC))',NULL),(4266,'HOSPITAL PSIQUIATRICO BENITO MENNI (SC))',NULL),(4267,'FARMACIA DESAI (SC))',NULL),(4268,'FARMACIA CADEFAR (SC))',NULL),(4269,'FARMACIA PUEBLO NUEVO (SC))',NULL),(4270,'FARMACIA LAES SUC.I (SC))',NULL),(4271,'SERMEIN SRL. (SC))',NULL),(4274,'ALMACEN VENTAS CORPORATIVAS HIPERMAXI)',NULL),(4275,'FARMACIA L Y C (SC))',NULL),(4276,'FARMACIA CABRERA (SC))',NULL),(4277,'FARMACIA SANTA ROSITA (MONTERO))',NULL),(4278,'FARMACIA RAMIREZ SUC. II (SC))',NULL),(4279,'DR. JAVIER VALVERDE (SC))',NULL),(4280,'FARMACIA CAROLITA SUC. I (SC) )',NULL),(4282,'FARMACIA TILUCHI (SC))',NULL),(4284,'FARMACIA 26 DE FEBRERO (SC))',NULL),(4285,'FARMACIA SORUCO (SC))',NULL),(4286,'FARMACIA MEDICENTER (SC))',NULL),(4287,'FARMACIA R Y I (SC))',NULL),(4288,'FARMACIA CALUSTRO (SC))',NULL),(4289,'FARMACIA FARMAMED NISI (MONTERO))',NULL),(4290,'FARMACIA VIRGEN MORENA (MONTERO))',NULL),(4291,'FARMACIA JANEL (SC))',NULL),(4292,'FARMACIA FARMAJAL (SC))',NULL),(4293,'FARMACIA FAMILIAR (SC))',NULL),(4294,'SEGURO SOCIAL UNIVERSITARIO DE SUCRE)',NULL),(4295,'FARMACIA VILLALTA (SC))',NULL),(4296,'FARMACIA VIRGEN DE LA MACARENA (SC) SIN NOMBRE)',NULL),(4297,'FARMACIA FARMAMEL (LA GUARDIA))',NULL),(4298,'FARMACIA EL REY JESUS (SC) )',NULL),(4299,'FARMACIA SAN EXPEDITO (SC))',NULL),(4300,'FARMACIA NOSTAS SUC. 1 (SC))',NULL),(4301,'FARMACIA FLORIDA (SC))',NULL),(4302,'FARMACIA POR TU SALUD (SC))',NULL),(4303,'DR.LUIS FERNANDO GUAYACUMA SILVA)',NULL),(4304,'FARMACIA LETIZIA LOPEZ VALLEJOS (SC))',NULL),(4305,'FARMACIA ARROYO (SC))',NULL),(4306,'FARMACIA EMANUEL (SC) SIN NOMBRE)',NULL),(4307,'FARMACIA MARICELY (SC))',NULL),(4308,'FARMACIA R & S (SC))',NULL),(4310,'FARMACIA DORIS VALLEJOS (SC))',NULL),(4311,'FARMACIA CARLES (SC))',NULL),(4312,'FARMACIA SI O SI (SC) SIN NOMBRE)',NULL),(4313,'CAJA PEDTROLERA DE SALUD COCHABAMBA )',NULL),(4314,'FARMACIA ANGHELY & ARIDNA (SC))',NULL),(4315,'PETROBRAS ARGENTINA S.A. SUC. BOLIVIA)',NULL),(4316,'FARMACIA FARMAROXANA (SC))',NULL),(4317,'FARMACIA MB (SC))',NULL),(4318,'DRA. SONIA CALIZAYA (SC))',NULL),(4319,'FARMACIA NELA (SC))',NULL),(4320,'FARMACIA FARMA-ABITA (SC) SIN NOMBRE)',NULL),(4325,'FARMACIA AMERACK (SC))',NULL),(4326,'FARMACIA MARIA ELENA (SC))',NULL),(4327,'FARMACIA SAN BLAS (SC))',NULL),(4328,'FARMACIA BIO-ESQ S.R.L.)',NULL),(4329,'FARMACIA LUCAS FARMA (SC) EX FARMACIA SHIRLEY)',NULL),(4330,'FARMACIA FARMAGOLD (SC))',NULL),(4331,'FARMACIA FUTURA (EL TORNO))',NULL),(4332,'FARMACIA ITALIA II (SC) FARMACIA IRCA SUC. ALTO SAN PEDRO)',NULL),(4333,'CDI BO 368 (SC))',NULL),(4334,'FARMACIA Ma. Be./BIANCA (SC))',NULL),(4335,'CIES  )',NULL),(4336,'FARMACIA LLENEZ (SC))',NULL),(4337,'FARMACIA UNIFARMA (SC))',NULL),(4338,'FARMACIA FARMATOR (EL TORNO))',NULL),(4339,'FARMACIA FARMAPIERO (WARNES))',NULL),(4340,'FARMACIA LOS SAUCES (SC))',NULL),(4341,'FARMACIA 23 DE AGOSTO (SC))',NULL),(4342,'FARMACIA SANZ (SC))',NULL),(4343,'FARMACIA VIAVIDA (SC))',NULL),(4344,'FARMACIA EL BAJIO (SC))',NULL),(4346,'FARMACIA TORRICO (MONTERO))',NULL),(4347,'FARMACIA FARMA-CHRIS (SC))',NULL),(4348,'FARMACIA NVA FARMA (SC))',NULL),(4349,'FARMACIA CALDERON CARDOZO (SC))',NULL),(4350,'FARMACIA ARAMAYO (WARNES))',NULL),(4351,'FARMACIA SMS (SC))',NULL),(4352,'FARMACIA FARMAVIP (SC))',NULL),(4353,'FARMACIA 26 DE ABRIL. (SC))',NULL),(4354,'FARMACIA FAVI (SC))',NULL),(4355,'FARMACIA DAYRA (SC))',NULL),(4356,'FARMACIA JUAN GABRIEL (WARNES))',NULL),(4357,'FARMACIA NUEVA LUZ (SC))',NULL),(4358,'FARMACIA DON TOMAS (MONTERO))',NULL),(4359,'FARMACIA ROSALES (SC))',NULL),(4361,'FARMACIA TAVIRA (SC))',NULL),(4363,'FARMACIA YNGRI A.P. (SC))',NULL),(4364,'FARMACIA AALMA ADONAI  (SC))',NULL),(4365,'FARMACIA L & P (LA GUARDIA))',NULL),(4366,'FARMACIA HERMANOS MOSCOSO H-M (WARNES))',NULL),(4367,'FARMACIA FUERZA ACTIVA (SC))',NULL),(4368,'FARMACIA PAZ LIT S.R.L. SUC II (EL TORNO))',NULL),(4369,'FARMACIA FAMILIAR (SC))',NULL),(4370,'FARMACIA POPULAR (MONTERO))',NULL),(4371,'FARMACIA C & C (SC))',NULL),(4372,'FARMACIA MIA FER (SC))',NULL),(4373,'FARMACIA VG FATIMA (SC))',NULL),(4374,'FARMACIA FARMANDREA (SC))',NULL),(4376,'FARMACIA GALARZA (SC) sin nombre)',NULL),(4377,'FARMACIA AILEEN PHARMA (SC) )',NULL),(4378,'FARMACIA SALUD DIVINA (SC))',NULL),(4379,'FARMACIA 5 DE FEBRERO)',NULL),(4380,'FARMACIA FARMAPLUS (SC))',NULL),(4381,'FARMACIA 13 DE JUNIO (SC))',NULL),(4382,'FARMACIA DIOS ES TU SALVADOR (SC))',NULL),(4383,'FARMACIA ROSADO (SC))',NULL),(4384,'FARMACIA MEDICRUZ (SC))',NULL),(4387,'ASIMEIN S.R.L. (SC))',NULL),(4388,'FARMACIA EMANUEL MAGNE (SC))',NULL),(4389,'FARMACIA MURCIA (SC))',NULL),(4390,'FARMACIA NOSSA SENHORA APARECIDA (SC))',NULL),(4391,'FARMACIA MEDINA (SC))',NULL),(4392,'FARMACIA SAN MIGUEL ARCANGEL CENTRAL (SC))',NULL),(4393,'FARMACIA TEREBINTO (SC))',NULL),(4394,'GOBIERNO AUTONOMO MUNICIPAL DE COLPA BELGICA)',NULL),(4395,'FARMACIA TODO PODEROSO (WARNES))',NULL),(4396,'FARMACIA GENESIS (SC))',NULL),(4397,'DISTRIBUIDORA SAN MIGUEL (SC))',NULL),(4398,'FARMACIA JOSE YAHEL (SC))',NULL),(4399,'FARMACIA ISABELITA (SC) FARMACITY (SC))',NULL),(4400,'FARMACIA FARMASISY (WARNES))',NULL),(4402,'FARMACIA SALUD Y ESTAR BIEN (SC))',NULL),(4403,'FARMACIA LEONEL (SC))',NULL),(4404,'FARMACIA VISOL (WARNES))',NULL),(4406,'FARMACIA HORA NUEVA (SC))',NULL),(4407,'FARMACIA 10 DE MAYO (SC))',NULL),(4409,'FARMACIA PHARMADEY (SC))',NULL),(4410,'FARMACIA HIPERMAXI MONTERO (MONTERO))',NULL),(4411,'FARMACIA SOLIDARIA MAC-GREGOR (SC))',NULL),(4412,'FARMACIA ALIVIARTE (SC))',NULL),(4413,'CAJA DE SALUD CORDES (SC))',NULL),(4414,'FARMACIA SANTO SANTIAGO (SC))',NULL),(4415,'FARMACIA ALTERNATIVA (SC))',NULL),(4416,'FARMACIA LEBENFARMA (SC))',NULL),(4417,'FARMACIA LISANIA (WARNES))',NULL),(4418,'FARMACIA YUAL (SC) SIN NOMBRE)',NULL),(4419,'FARMACIA BERNAL (SC))',NULL),(4420,'FARMACIA SAN JUAN BAUTISTA  (SC))',NULL),(4421,'FARMACIA YOVIMARI (SC))',NULL),(4422,'FARMACIA BIOVITAL (MONTERO))',NULL),(4423,'FARMACIA VIRGEN DE LUJAN (SC))',NULL),(4425,'FARMACIA FARMASHOP (SC))',NULL),(4426,'FARMACIA BRITMANN (SC) SIN NOMBRE)',NULL),(4427,'FARMACIA FARMAGLAD (SC))',NULL),(4428,'FARMACIA LA GLORIA DIVINA (SC))',NULL),(4429,'FARMACIA MAIDA PINTO (SC))',NULL),(4432,'FARMACIA FARMA VITA CUORE (SC))',NULL),(4433,'FARMACIA ARANDO (MONTERO))',NULL),(4435,'FARMACIA SUBLIME GRACIA (LA GUARDIA))',NULL),(4437,'FARMACIA DARSOL S.R.L. (SC))',NULL),(4438,'FARMACIA SAN JUAN (SC))',NULL),(4439,'FARMACIA SATELITE NORTE (WARNES))',NULL),(4440,'FARMACIA FARMAGEN (LA GUARDIA))',NULL),(4441,'FARMACIA HANIEL (SC))',NULL),(4442,'FARMACIA ESPINOZA (SC))',NULL),(4444,'FARMACIA AYMI (SC))',NULL),(4445,'FARMACIA SAN FRANCISCO DE ASIS (SC) SIN NOMBRE)',NULL),(4446,'FARMACIA HAVANA (SC))',NULL),(4447,'FARMACIA LAES (SC))',NULL),(4448,'FARMACIA URDIFARMA (SC))',NULL),(4449,'FARMACIA SAN GERONIMO F &S (SC))',NULL),(4450,'FARMACIA FARMASUR (SC))',NULL),(4452,'FARMACIA SUCREFAR (WARNES))',NULL),(4453,'FARMACIA EL FUERTE PRIMAVERA (SC))',NULL),(4454,'FARMACIA HERBAFARMA (SC))',NULL),(4455,'FARMACIA R & A (SC))',NULL),(4456,'FARMACIA PERBOL (SC))',NULL),(4459,'FARMACIA CALLEJAS (SC))',NULL),(4460,'FARMACIA CAMBODROMO (SC))',NULL),(4461,'FARMACIA SANDER (SC))',NULL),(4462,'FARMACIA BAUTISTA SUC. (SC))',NULL),(4463,'FARMACIA NOSTAS SUC. 3 (SC))',NULL),(4464,'FARMACIA PHARMA & CIA BOLIVIA (SC))',NULL),(4465,'FARMACIA PORCEL (SC))',NULL),(4466,'ELIMEDIG LTDA (SC))',NULL),(4467,'FARMACIA UNO (SC))',NULL),(4468,'FARMACIA MULTI-FARMAX (SC))',NULL),(4469,'FARMACIA GHALIA (SC))',NULL),(4471,'FARMACIA FARMACSE (SC))',NULL),(4472,'FRH S.R.L. (SC) FARMACIA LA FARMACIA )',NULL),(4473,'FARMACIA PADRE CELESTIAL (MONTERO))',NULL),(4474,'FARMACIA LUSIA ROMERO SILES (SC))',NULL),(4475,'DISUMBOL (SC))',NULL),(4476,'FARMACIA M Y S (SC))',NULL),(4477,'CAJA DE SALUD CORDES (TRINIDAD))',NULL),(4478,'FARMACIA CABALLERO (SC))',NULL),(4479,'FARMACIA MEDYFARMA ST (MONTERO))',NULL),(4480,'FARMACIA RIVAS BRITO (SC))',NULL),(4481,'FARMACIA MVD (SC))',NULL),(4482,'FARMACIA LAGUNA BONITA (SC))',NULL),(4483,'FARMACIA FARMAESQUIA SC))',NULL),(4484,'FARMACIA QUIMON (EL TORNO))',NULL),(4485,'FARMACIA JUAN DE DIOS ( EL TORNO))',NULL),(4486,'FUNDACION BARTIMEO (SC))',NULL),(4487,'FARMACIA VITALIA (SC))',NULL),(4488,'FARMACIA LUZ Y FE (SATELITE-WARNES))',NULL),(4489,'FARMACIA LLANOS (SC) )',NULL),(4490,'DISTRIBUIDORA ASISTEFAR (SC))',NULL),(4491,'FARMACIA ZARATE (MONTERO))',NULL),(4492,'FARMACIA MILETH (SC))',NULL),(4493,'FARMACIA 9 DE ABRIL (SC))',NULL),(4494,'FARMACIA OLIDAYI (SC))',NULL),(4495,'FARMACIA FLOR DE LIZ (SC))',NULL),(4496,'FARMACIA PHARMASIST (SC))',NULL),(4497,'FARMACIA PHARMATECA (SC))',NULL),(4498,'FARMACIA FARMAURIBE (WARNES))',NULL),(4499,'FARMACIA LA DOCTORITA (SC))',NULL),(4500,'FARMACIA BERTHA (SC))',NULL),(4501,'FARMACIA DIVINO REMEDIO (SC))',NULL),(4502,'FARMACIA NUEVO PACTO (SC))',NULL),(4503,'FARMACIA B & B (SC) EX. FARMACIA AGUIRRE)',NULL),(4504,'FARMACIA CUBA (SC))',NULL),(4505,'FARMACIA FARMAHORRA (SC))',NULL),(4506,'FARMACIA TU SALUD PRIMERO (SC))',NULL),(4507,'FARMACIA A. GUTIERREZ (SC))',NULL),(4509,'FARMACIA FARMADELY (SC))',NULL),(4510,'FARMACIA ANA ROSA (SC) SIN NOMBRE)',NULL),(4511,'FARMACIA DIAZ JIMENEZ (SC))',NULL),(4512,'LEITER ERLAND ARANCIBIA PEINADO)',NULL),(4513,'FARMACIA MINIONS FARMA (SC))',NULL),(4514,'FARMACIA 6 DE DICIEMBRE (SC))',NULL),(4515,'FARMACIA MERCY (SC))',NULL),(4516,'CAJA DE SALUD DE LA BANCA PRIVADA (SUCRE))',NULL),(4517,'FARMACIA FARMAFAMILY (SC))',NULL),(4518,'GOBIERNO AUTONOMO MUNICIPAL DE LA CIUDAD DE TARIJA Y LA PROVINCIA CERCADO)',NULL),(4519,'BLOQUE PETROLERO SAN ALBERTO)',NULL),(4521,'FARMACIA F.C. (SC))',NULL),(4522,'FARMACIA CORPFARMA (SC) EX FCIA. FARMA AHORRO (SC))',NULL),(4523,'FARMACIA ANELIZ (SC))',NULL),(4524,'FARMACIA MI FARMACIA (WARNES))',NULL),(4525,'FARMACIA CRISTEL (SC))',NULL),(4529,'FARMACIA ANITA (MONTERO))',NULL),(4530,'FARMACIA SUPER FARMACIA (SC) EX. FCIA. REMBERT ISIDRO (SC))',NULL),(4531,'FARMACIA CENTERFARMA M & A (SC))',NULL),(4532,'FARMACIA ARCIA (SC))',NULL),(4533,'FARMACIA SUAREZ (MONTERO))',NULL),(4534,'FARMACIA BEDOYA (MONTERO))',NULL),(4535,'FARMACIA ALICIA (WARNES))',NULL),(4536,'FARMACIA VALLEJOS MARLENE (SC))',NULL),(4537,'FARMACIA MARY SELVA (SC) )',NULL),(4538,'FARMACIA ECONOMIZE (SC))',NULL),(4540,'FARMACIA FELANNY (SC))',NULL),(4541,'FARMACIA SIDNEY (SC))',NULL),(4542,'FARMACIA DR. RONCES (SC))',NULL),(4543,'FARMACIA AVILSI (SC))',NULL),(4544,'FARMACIA FARMA-TENORIO (SC))',NULL),(4545,'FARMACIA MILU (SC))',NULL),(4546,'FARMACIA ALBORADA R & R (SC))',NULL),(4547,'FARMACIA BIO GENESIS (MONTERO))',NULL),(4548,'FARMACIA 16 DE JUNIO (SC))',NULL),(4549,'FARMACIA DALENCE (SC))',NULL),(4550,'FARMACORP SUC-COBIJA-PANDO)',NULL),(4551,'FARMACIA FARMA PATT (SC))',NULL),(4552,'FARMACIA MARYEN (SC))',NULL),(4553,'FARMACIA NAVARRO (SC))',NULL),(4554,'FARMACIA FARMACLOK (SC))',NULL),(4555,'FARMACIA ORELUS (SC))',NULL),(4556,'FARMACIA FARMAMIGA (MONTERO))',NULL),(4557,'FARMACIA COPROFAR (SC))',NULL),(4558,'FARMACIA PANOZO (SC))',NULL),(4559,'FARMACIA KHALED (SC))',NULL),(4560,'CORPORACION BOLIVIANA DE FARMACIA S SUC. SIRARI)',NULL),(4561,'FARMACIA CARDIOFARMA (MONTERO))',NULL),(4562,'BLOQUE PETROLERO SAN ANTONIO)',NULL),(4563,'INC PHARMA-HENRY OSCAR JIMENEZ TERRAZAS)',NULL),(4564,'FARMACIA JEHOVA RAPHA (WARNES))',NULL),(4565,'FARMACIA FARMA USA (MONTERO))',NULL),(4566,'FARMACIA RIVERA (SC))',NULL),(4567,'FARMACIA FARMA AHORRO UVITA (SC))',NULL),(4568,'FARMACIA MY BEBE (LA GUARDIA))',NULL),(4569,'FARMACIA ATZIMBA (SC))',NULL),(4570,'FARMACIA TIA ROMY (WARNES))',NULL),(4571,'FARMACIA C & J SUC. I (SC))',NULL),(4572,'FARMACIA VASQUEZ (SC))',NULL),(4573,'FARMACIA FARMASIL (SC))',NULL),(4574,'FARMACIA FARMAFRANCO (SC))',NULL),(4575,'FARMACIA ALMANZA (MONTERO))',NULL),(4576,'FARMACIA AARON (SC))',NULL),(4577,'FARMACIA PROVIDA (WARNES))',NULL),(4578,'FARMACIA XIARITA (SC))',NULL),(4579,'FARMACIA LA GRACIA DE DIOS (LA GUARDIA))',NULL),(4580,'FARMACIA DAINE (LA GUARDIA))',NULL),(4581,'FARMACIA GABRIEL (SC))',NULL),(4582,'FARMACIA CARVAJAL (SC))',NULL),(4583,'FARMACIA FARMAVIDA  - MC (SC) FCIA. FARMA LIBRE)',NULL),(4584,'FARMACIA MAKIFARMA (SC))',NULL),(4585,'FARMACIA SALAZAR A. (WARNES))',NULL),(4586,'FARMACIA CONDEMARIN (SC))',NULL),(4587,'FARMACIA FARMAISA (MONTERO))',NULL),(4588,'FARMACIA JESUS MAESTRO (SC))',NULL),(4589,'FARMACIA VILLENA (SC))',NULL),(4590,'FARMACIA VITALMED (SC))',NULL),(4591,'FARMACIA LEON DE JUDA (SC))',NULL),(4593,'FARMACIA HOLGUIN (SC))',NULL),(4594,'FARMACIA MATIAS ADRIAN (SC))',NULL),(4595,'FARMACIA ROMER G-V (SC))',NULL),(4596,'FARMACIA EVELIN VALE (SC))',NULL),(4597,'FARMACIA FLORES JALDIN (SC))',NULL),(4598,'FARMACIA JESADFARMA (SC))',NULL),(4599,'FARMACIA HOYLOS (SC))',NULL),(4600,'FARMACIA ROSA LIDIA (SC))',NULL),(4601,'FARMACIA ASHLEY (SC))',NULL),(4602,'FARMACIA SOCIEFAR (SC))',NULL),(4603,'FARMACIA SALUD Y ESTAR BIEN SUC. I (SC))',NULL),(4604,'FARMACIA EFICAZ (SC))',NULL),(4605,'FARMACIA DIOS ES FIEL (SC))',NULL),(4606,'FARMACIA HELEN (SC))',NULL),(4607,'FARMACIA LOS TOJOS (SC))',NULL),(4608,'FARMACIA ISI FARMA (SC))',NULL),(4609,'FARMACIA SANA Y SANA (SC))',NULL),(4610,'CONSULTORIO MEDICO ECOMED (SC))',NULL),(4611,'FARMACIA VALENTISHADAY (SC))',NULL),(4612,'FARMACIA JENECHERU (SC))',NULL),(4613,'FARMACIA MIGUEL ANGEL (SC))',NULL),(4614,'FARMACIA IPC (SC))',NULL),(4615,'FARMACIA BARAK (SC))',NULL),(4617,'FARMACIA FARMA SALUD (SC))',NULL),(4618,'FARMACIA CADENAFAR (SC))',NULL),(4619,'FARMACIA PHARMACITY (SC))',NULL),(4620,'FARMACIA SANDOVAL (SC))',NULL),(4621,'FARMACIA ROMY (SC))',NULL),(4622,'FARMACIA NAYDI (SC) SIN NOMBRE)',NULL),(4623,'FARMACIA FARMAPARDO (SC))',NULL),(4624,'FARMACORP (POTOSI))',NULL),(4625,'FARMACIA BIOLET (SC))',NULL),(4626,'CLINICA MEDICA SANTA MARIA (SC))',NULL),(4627,'CLINICA NUCLEAR SANTA CRUZ S.R.L. (SC))',NULL),(4628,'FARMACIA REYES (SC))',NULL),(4629,'FARMACIA JESUS MARIA (LA GUARDIA))',NULL),(4630,'FARMACIA FARMABELLA SHADDAI (SC))',NULL),(4631,'FARMACIA EGUEZ (SC))',NULL),(4632,'FARMACIA FARMA GETRU (SC) SIN NOMBRE)',NULL),(4633,'FARMACIA FARMANADIR (SC))',NULL),(4634,'FARMACIA MEDICITY (SC))',NULL),(4635,'FARMACIA LIMBANIA (SC))',NULL),(4636,'FARMACIA ACTIFARMA (SC))',NULL),(4637,'FARMACIA PLENITUD (SC))',NULL),(4638,'FARMACIA MARIA AUXILIADORA BOLINTER (SC))',NULL),(4639,'FARMACIA MARIANE (SC))',NULL),(4640,'FARMACIA LA FAMILIA (WARNES))',NULL),(4641,'FARMACIA OLIVA (SC))',NULL),(4643,'FARMACIA YAHVE (MONTERO))',NULL),(4644,'FARMACIA MEDICAL + FARMA VELIZ (EL TORNO))',NULL),(4645,'FARMACIA FARMAARCE (SC))',NULL),(4646,'FARMACIA ALCARAZ (SC))',NULL),(4648,'FARMACIA VEDIA (SC))',NULL),(4649,'FARMACIA VERDE OLIVO (SC))',NULL),(4650,'FARMACIA MIKITA V.M. (SC))',NULL),(4651,'FARMACIA HERMANOS CLAROS (MONTERO))',NULL),(4652,'FARMACIA ADRIANA SATELITE NORTE (WARNES))',NULL),(4653,'FARMACIA FARMA-MERCY (SC))',NULL),(4654,'FARMACIA ALSA (SC))',NULL),(4655,'FARMACIA LA FE (SC))',NULL),(4656,'FARMACIA ROSALFAR (SC))',NULL),(4657,'FARMACIA HELAMAN (SC))',NULL),(4658,'FARMACIA DRAFANNY (SC))',NULL),(4659,'FARMACIA FARMED (SC))',NULL),(4660,'FARMACIA MARY LUZ (SC))',NULL),(4661,'FARMACIA KIARA (MONTERO))',NULL),(4662,'FARMACIA 3 DE AGOSTO (WARNES))',NULL),(4663,'FARMACIA TROPICAL SUC.I (SC))',NULL),(4664,'CLINICA MEDICA GDVIDA  S.R.L. (FCIA. GDVIDA) (SC))',NULL),(4665,'FARMACIA GALENICA  (SC))',NULL),(4666,'FARMACIA FARMAMED - ESCALERA (SC) )',NULL),(4667,'FARMACIA FARMAMIGA SUR (SC))',NULL),(4668,'FARMACIA ANAEL (SC))',NULL),(4669,'FARMACIA SALUS (SC))',NULL),(4670,'FARMACIA 3 DE NOVIEMBRE (SC))',NULL),(4671,'FARMACIA HIDEKEL (SC))',NULL),(4672,'DISTRIBUIDORA DISRA S.R.L.)',NULL),(4673,'FARMACIA BUENA VISTA SUC. II (SC))',NULL),(4674,'FARMACIA LULY (MONTERO))',NULL),(4675,'FARMACIA TREBOL - FARMA (SC))',NULL),(4676,'FARMACIA OBRA DE DIOS (SC))',NULL),(4677,'FARMACIA GRUPFARMA (SC))',NULL),(4678,'FARMACIA FARMA CAROL (SC))',NULL),(4679,'FARMACIA FARMAMED I (SC))',NULL),(4680,'FARMACIA PHARMAPLUS (SC))',NULL),(4681,'FARMACIA FARMARITZ (SC))',NULL),(4682,'FARMACIA CLARA GUISEL (SC))',NULL),(4683,'CLINICA MEDICA MANANTIAL DE VIDA S.R.L. (SC))',NULL),(4684,'FARMACIA FARMALIANZA (SC))',NULL),(4685,'FARMACIA BIOCENTER (SC))',NULL),(4686,'FARMACIA 19 DE NOVIEMBRE (LA GUARDIA))',NULL),(4687,'FARMACIA LOURDES - JP (SC))',NULL),(4688,'FARMACIA ARMEDIC (SC))',NULL),(4690,'FARMACIA LILY (SC) SIN NOMBRE)',NULL),(4691,'FARMACIA CIMA DE PLATA (SC))',NULL),(4692,'FARMACIA FARMAGIC (SC))',NULL),(4693,'FARMACIA ABRAZUL SUC-2 (SC))',NULL),(4695,'FARMACIA DANIVERO (MONTERO))',NULL),(4696,'FARMACIA BIO - FAR jiret (SC))',NULL),(4697,'FARMACIA JESUS DE BELEN (SC))',NULL),(4699,'COFISAGRO S.R.L. (EX-DIREMIG) (SC))',NULL),(4700,'FARMACIA DIOS CON NOSOTROS (LA GUARDIA))',NULL),(4701,'FARMACIA VIGABRIEL (SC))',NULL),(4702,'FARMACIA LOS ANGELES L. (WARNES))',NULL),(4703,'FARMACIA MI-MED (SC))',NULL),(4704,'FARMACIA JIRETHMLAZARTE (SC))',NULL),(4705,'FARMACIA MITFARMA (SC))',NULL),(4706,'FARMACIA ECONOFARMA (SC) )',NULL),(4707,'FARMACIA SAN FRANCISCO MERCADO (MONTERO))',NULL),(4708,'FARMACIA ECONOMICA - M (SC))',NULL),(4709,'FARMACIA LIMONCITO (EL TORNO))',NULL),(4711,'FARMACIA PHARMACIE (SC))',NULL),(4712,'FARMACIA CATEL I.L.)',NULL),(4713,'FARMACIA SUAREZ )',NULL),(4716,'FARMACIA FARMA DEL)',NULL),(4717,'FARMACIA ALEXXIA F & E)',NULL),(4718,'FARMACIA GISELA S.S.)',NULL),(4719,'FARMACIA LA FE)',NULL),(4720,'FARMACIA LUNA)',NULL),(4721,'FARMACIA ECOLIFE)',NULL),(4722,'FARMACIA SANCHEZ)',NULL),(4723,'FARMACIA GINEBRA)',NULL),(4724,'FARMACIA FARMABELA)',NULL),(4725,'FARMACIA SANTIAMEN)',NULL),(4726,'FARMACIA 365)',NULL),(4727,'FARMACIA FARMAVALERY)',NULL),(4728,'FARMACIA ARROYO Y ARANCIBIA)',NULL),(4729,'FARMACIA REDFARMAS)',NULL),(4730,'FARMACIA A&M)',NULL),(4731,'FARMACIA EDEN)',NULL),(4732,'FARMACIA FARMALIRA)',NULL);
/*!40000 ALTER TABLE `cliente` ENABLE KEYS */;
UNLOCK TABLES;

--
-- Table structure for table `despachador`
--

DROP TABLE IF EXISTS `despachador`;
/*!40101 SET @saved_cs_client     = @@character_set_client */;
/*!50503 SET character_set_client = utf8mb4 */;
CREATE TABLE `despachador` (
  `iddespachador` int(11) NOT NULL AUTO_INCREMENT,
  `nombre` varchar(45) COLLATE utf8_spanish2_ci DEFAULT NULL,
  PRIMARY KEY (`iddespachador`)
) ENGINE=InnoDB AUTO_INCREMENT=11 DEFAULT CHARSET=utf8 COLLATE=utf8_spanish2_ci COMMENT='responsables de la entrega del pedido al cliente';
/*!40101 SET character_set_client = @saved_cs_client */;

--
-- Dumping data for table `despachador`
--

LOCK TABLES `despachador` WRITE;
/*!40000 ALTER TABLE `despachador` DISABLE KEYS */;
INSERT INTO `despachador` VALUES (1,'MARWIN LINO'),(4,'MARCO SUAREZ'),(6,'PABLO ARTEAGA'),(8,'DAVID SANCHEZ'),(10,'EFRAIN SOLAR');
/*!40000 ALTER TABLE `despachador` ENABLE KEYS */;
UNLOCK TABLES;

--
-- Table structure for table `despacho`
--

DROP TABLE IF EXISTS `despacho`;
/*!40101 SET @saved_cs_client     = @@character_set_client */;
/*!50503 SET character_set_client = utf8mb4 */;
CREATE TABLE `despacho` (
  `iddespacho` int(11) NOT NULL AUTO_INCREMENT,
  `fecha` date DEFAULT NULL,
  `hora` time DEFAULT NULL,
  `iddespachador` int(11) DEFAULT NULL,
  `idpedido` int(11) DEFAULT NULL,
  `estado` varchar(45) COLLATE utf8_spanish2_ci DEFAULT NULL,
  PRIMARY KEY (`iddespacho`),
  UNIQUE KEY `index2` (`iddespachador`,`idpedido`),
  KEY `fk_despacho_pedido_idx` (`idpedido`),
  CONSTRAINT `fk_despacho_pedido` FOREIGN KEY (`idpedido`) REFERENCES `pedido` (`idnota`)
) ENGINE=InnoDB AUTO_INCREMENT=87 DEFAULT CHARSET=utf8 COLLATE=utf8_spanish2_ci COMMENT='registro de los despachos de los pedidos';
/*!40101 SET character_set_client = @saved_cs_client */;

--
-- Dumping data for table `despacho`
--

LOCK TABLES `despacho` WRITE;
/*!40000 ALTER TABLE `despacho` DISABLE KEYS */;
INSERT INTO `despacho` VALUES (1,NULL,NULL,NULL,87455,NULL),(2,NULL,NULL,NULL,87456,'ABIERTO'),(3,'2019-10-09','11:07:00',1,87457,'CERRADO'),(4,NULL,NULL,NULL,87999,'ABIERTO'),(5,NULL,NULL,NULL,88000,'ABIERTO'),(6,NULL,NULL,NULL,88001,'ABIERTO'),(7,NULL,NULL,NULL,88002,'ABIERTO'),(8,NULL,NULL,NULL,87991,'ABIERTO'),(9,NULL,NULL,NULL,87992,'ABIERTO'),(10,NULL,NULL,NULL,87993,'ABIERTO'),(11,NULL,NULL,NULL,87994,'ABIERTO'),(12,NULL,NULL,NULL,87995,'ABIERTO'),(13,NULL,NULL,NULL,87996,'ABIERTO'),(14,NULL,NULL,NULL,87997,'ABIERTO'),(15,NULL,NULL,NULL,87998,'ABIERTO'),(16,NULL,NULL,NULL,88003,'ABIERTO'),(17,NULL,NULL,NULL,88004,'ABIERTO'),(18,NULL,NULL,NULL,88005,'ABIERTO'),(19,NULL,NULL,NULL,88006,'ABIERTO'),(20,NULL,NULL,NULL,88008,'ABIERTO'),(21,NULL,NULL,NULL,88009,'ABIERTO'),(22,NULL,NULL,NULL,88010,'ABIERTO'),(23,NULL,NULL,NULL,88012,'ABIERTO'),(24,NULL,NULL,NULL,88013,'ABIERTO'),(25,NULL,NULL,NULL,88014,'ABIERTO'),(26,NULL,NULL,NULL,88015,'ABIERTO'),(27,NULL,NULL,NULL,88016,'ABIERTO'),(28,NULL,NULL,NULL,87961,'ABIERTO'),(29,NULL,NULL,NULL,87923,'ABIERTO'),(30,NULL,NULL,NULL,87924,'ABIERTO'),(31,NULL,NULL,NULL,87925,'ABIERTO'),(32,NULL,NULL,NULL,87926,'ABIERTO'),(33,NULL,NULL,NULL,87927,'ABIERTO'),(34,NULL,NULL,NULL,87929,'ABIERTO'),(35,NULL,NULL,NULL,87930,'ABIERTO'),(36,NULL,NULL,NULL,87931,'ABIERTO'),(37,NULL,NULL,NULL,87932,'ABIERTO'),(38,NULL,NULL,NULL,87933,'ABIERTO'),(39,NULL,NULL,NULL,87934,'ABIERTO'),(40,NULL,NULL,NULL,87935,'ABIERTO'),(41,NULL,NULL,NULL,87936,'ABIERTO'),(42,NULL,NULL,NULL,87937,'ABIERTO'),(43,NULL,NULL,NULL,87938,'ABIERTO'),(44,NULL,NULL,NULL,87941,'ABIERTO'),(45,NULL,NULL,NULL,87942,'ABIERTO'),(46,NULL,NULL,NULL,87943,'ABIERTO'),(47,NULL,NULL,NULL,87944,'ABIERTO'),(48,NULL,NULL,NULL,87945,'ABIERTO'),(49,NULL,NULL,NULL,87946,'ABIERTO'),(50,NULL,NULL,NULL,87947,'ABIERTO'),(51,NULL,NULL,NULL,87949,'ABIERTO'),(52,NULL,NULL,NULL,87950,'ABIERTO'),(53,NULL,NULL,NULL,87951,'ABIERTO'),(54,NULL,NULL,NULL,87952,'ABIERTO'),(55,NULL,NULL,NULL,87953,'ABIERTO'),(56,NULL,NULL,NULL,87954,'ABIERTO'),(57,NULL,NULL,NULL,87955,'ABIERTO'),(58,NULL,NULL,NULL,87956,'ABIERTO'),(59,NULL,NULL,NULL,87957,'ABIERTO'),(60,NULL,NULL,NULL,87958,'ABIERTO'),(61,NULL,NULL,NULL,87959,'ABIERTO'),(62,NULL,NULL,NULL,87962,'ABIERTO'),(63,NULL,NULL,NULL,87963,'ABIERTO'),(64,NULL,NULL,NULL,87964,'ABIERTO'),(65,NULL,NULL,NULL,87965,'ABIERTO'),(66,NULL,NULL,NULL,87967,'ABIERTO'),(67,NULL,NULL,NULL,87968,'ABIERTO'),(68,NULL,NULL,NULL,87969,'ABIERTO'),(69,NULL,NULL,NULL,87970,'ABIERTO'),(70,NULL,NULL,NULL,87971,'ABIERTO'),(71,NULL,NULL,NULL,87972,'ABIERTO'),(72,NULL,NULL,NULL,87973,'ABIERTO'),(73,NULL,NULL,NULL,87974,'ABIERTO'),(74,NULL,NULL,NULL,87975,'ABIERTO'),(75,NULL,NULL,NULL,87976,'ABIERTO'),(76,NULL,NULL,NULL,87977,'ABIERTO'),(77,NULL,NULL,NULL,87978,'ABIERTO'),(78,NULL,NULL,NULL,87979,'ABIERTO'),(79,NULL,NULL,NULL,87980,'ABIERTO'),(80,NULL,NULL,NULL,87982,'ABIERTO'),(81,NULL,NULL,NULL,87983,'ABIERTO'),(82,NULL,NULL,NULL,87984,'ABIERTO'),(83,NULL,NULL,NULL,87987,'ABIERTO'),(84,NULL,NULL,NULL,87988,'ABIERTO'),(85,NULL,NULL,NULL,87989,'ABIERTO'),(86,NULL,NULL,NULL,87990,'ABIERTO');
/*!40000 ALTER TABLE `despacho` ENABLE KEYS */;
UNLOCK TABLES;

--
-- Table structure for table `destino`
--

DROP TABLE IF EXISTS `destino`;
/*!40101 SET @saved_cs_client     = @@character_set_client */;
/*!50503 SET character_set_client = utf8mb4 */;
CREATE TABLE `destino` (
  `iddestino` int(11) NOT NULL AUTO_INCREMENT,
  `nombre` varchar(45) COLLATE utf8_spanish2_ci DEFAULT NULL,
  `ciudad` varchar(45) COLLATE utf8_spanish2_ci DEFAULT NULL,
  PRIMARY KEY (`iddestino`)
) ENGINE=InnoDB AUTO_INCREMENT=2 DEFAULT CHARSET=utf8 COLLATE=utf8_spanish2_ci COMMENT='listado de destinos, distribuidores, cadenas de farmacias, etc';
/*!40101 SET character_set_client = @saved_cs_client */;

--
-- Dumping data for table `destino`
--

LOCK TABLES `destino` WRITE;
/*!40000 ALTER TABLE `destino` DISABLE KEYS */;
INSERT INTO `destino` VALUES (1,'SANAMEDIC - DISTRIBUIDOR','LA PAZ');
/*!40000 ALTER TABLE `destino` ENABLE KEYS */;
UNLOCK TABLES;

--
-- Table structure for table `envios`
--

DROP TABLE IF EXISTS `envios`;
/*!40101 SET @saved_cs_client     = @@character_set_client */;
/*!50503 SET character_set_client = utf8mb4 */;
CREATE TABLE `envios` (
  `idenvios` int(11) NOT NULL,
  `fecha` date DEFAULT NULL,
  `hora` time DEFAULT NULL,
  `transporte` int(11) DEFAULT NULL,
  `destino` int(11) DEFAULT NULL,
  `guia` varchar(45) COLLATE utf8_spanish2_ci DEFAULT NULL,
  `iddespacho` int(11) DEFAULT NULL,
  PRIMARY KEY (`idenvios`)
) ENGINE=InnoDB DEFAULT CHARSET=utf8 COLLATE=utf8_spanish2_ci COMMENT='detalle de envios nacionales, locales, etc';
/*!40101 SET character_set_client = @saved_cs_client */;

--
-- Dumping data for table `envios`
--

LOCK TABLES `envios` WRITE;
/*!40000 ALTER TABLE `envios` DISABLE KEYS */;
/*!40000 ALTER TABLE `envios` ENABLE KEYS */;
UNLOCK TABLES;

--
-- Table structure for table `fallo`
--

DROP TABLE IF EXISTS `fallo`;
/*!40101 SET @saved_cs_client     = @@character_set_client */;
/*!50503 SET character_set_client = utf8mb4 */;
CREATE TABLE `fallo` (
  `idfallo` int(11) NOT NULL AUTO_INCREMENT,
  `nombre` varchar(45) COLLATE utf8_spanish2_ci DEFAULT NULL,
  PRIMARY KEY (`idfallo`)
) ENGINE=InnoDB AUTO_INCREMENT=2 DEFAULT CHARSET=utf8 COLLATE=utf8_spanish2_ci COMMENT='listado de tipo de fallos en la preparacion';
/*!40101 SET character_set_client = @saved_cs_client */;

--
-- Dumping data for table `fallo`
--

LOCK TABLES `fallo` WRITE;
/*!40000 ALTER TABLE `fallo` DISABLE KEYS */;
INSERT INTO `fallo` VALUES (1,'Faltante de Producto');
/*!40000 ALTER TABLE `fallo` ENABLE KEYS */;
UNLOCK TABLES;

--
-- Table structure for table `pedido`
--

DROP TABLE IF EXISTS `pedido`;
/*!40101 SET @saved_cs_client     = @@character_set_client */;
/*!50503 SET character_set_client = utf8mb4 */;
CREATE TABLE `pedido` (
  `idpedido` int(11) NOT NULL AUTO_INCREMENT,
  `idnota` int(11) DEFAULT NULL,
  `idfac` int(11) DEFAULT NULL,
  `fecha` date DEFAULT NULL,
  `cliente` int(11) DEFAULT NULL,
  `vendedor` int(11) DEFAULT NULL,
  PRIMARY KEY (`idpedido`),
  UNIQUE KEY `index2` (`idnota`,`cliente`,`vendedor`),
  KEY `fk_pedido_vendedor_idx` (`vendedor`),
  KEY `fk_pedido_cliente_idx` (`cliente`),
  CONSTRAINT `fk_pedido_cliente` FOREIGN KEY (`cliente`) REFERENCES `cliente` (`idcliente`),
  CONSTRAINT `fk_pedido_vendedor` FOREIGN KEY (`vendedor`) REFERENCES `vendedor` (`idvendedor`)
) ENGINE=InnoDB AUTO_INCREMENT=561 DEFAULT CHARSET=utf8 COLLATE=utf8_spanish2_ci COMMENT='tabla principal';
/*!40101 SET character_set_client = @saved_cs_client */;

--
-- Dumping data for table `pedido`
--

LOCK TABLES `pedido` WRITE;
/*!40000 ALTER TABLE `pedido` DISABLE KEYS */;
INSERT INTO `pedido` VALUES (7,87419,6434,'0000-00-00',3037,53),(23,87437,6452,'0000-00-00',3363,232),(27,87441,6456,'0000-00-00',3149,206),(42,87456,6471,'0000-00-00',3517,231),(142,87416,6431,'1970-01-01',4327,186),(147,87421,6436,'1970-01-01',3178,236),(151,87425,6440,'1970-01-01',4171,1606),(171,87447,6462,'1970-01-01',4356,196),(235,87417,6432,'1970-01-01',4471,232),(236,87418,6433,'1970-01-01',4183,186),(238,87420,6435,'1970-01-01',4667,232),(240,87422,6437,'1970-01-01',3623,231),(241,87423,6438,'1970-01-01',4284,53),(242,87424,6439,'1970-01-01',3221,53),(249,87432,6447,'1970-01-01',3111,53),(250,87434,6449,'1970-01-01',3600,206),(251,87435,6450,'1970-01-01',4024,232),(252,87436,6451,'1970-01-01',3646,232),(254,87438,6453,'1970-01-01',3270,53),(255,87439,6454,'1970-01-01',3336,53),(256,87440,6455,'1970-01-01',3045,53),(258,87442,6457,'1970-01-01',3121,206),(260,87444,6459,'1970-01-01',3391,206),(261,87445,6460,'1970-01-01',3299,53),(264,87448,6463,'1970-01-01',3786,196),(265,87449,6464,'1970-01-01',3652,196),(266,87450,6465,'1970-01-01',4350,196),(267,87451,6466,'1970-01-01',3661,196),(268,87452,6467,'1970-01-01',3003,232),(273,87457,6472,'1970-01-01',4226,232),(274,87458,6473,'1970-01-01',3999,232),(275,87459,6474,'1970-01-01',4651,196),(276,87460,6475,'1970-01-01',3723,196),(277,87461,6476,'1970-01-01',3477,232),(278,87462,6477,'1970-01-01',3727,196),(291,87427,6442,'1970-01-01',4171,1606),(305,87443,6458,'1970-01-01',3149,206),(308,87446,6461,'1970-01-01',3299,53),(316,87454,6469,'1970-01-01',3661,196),(471,87455,6442,'2019-01-01',4651,196),(472,87456,6443,'2019-01-01',3661,232),(473,87457,6445,'2019-10-09',4171,206),(474,87999,0,'2019-10-09',3853,193),(475,88000,0,'2019-10-09',3853,193),(476,88001,0,'2019-10-09',3853,220),(477,88002,0,'2019-10-09',3853,220),(478,87991,469,'2019-10-09',3720,196),(479,87992,470,'2019-10-09',4534,196),(480,87993,471,'2019-10-09',4587,196),(481,87994,472,'2019-10-09',3469,53),(482,87995,473,'2019-10-09',3305,186),(483,87996,474,'2019-10-09',3950,206),(484,87997,475,'2019-10-09',4300,206),(485,87998,476,'2019-10-09',3355,206),(486,88003,477,'2019-10-09',3825,232),(487,88004,478,'2019-10-09',3714,196),(488,88005,479,'2019-10-09',3531,206),(489,88006,480,'2019-10-09',4495,206),(490,88008,482,'2019-10-09',3946,206),(491,88009,483,'2019-10-09',3259,53),(492,88010,484,'2019-10-09',3005,53),(494,88012,486,'2019-10-09',3213,53),(495,88013,487,'2019-10-09',3200,53),(496,88014,488,'2019-10-09',4622,53),(497,88015,489,'2019-10-09',4120,196),(498,88016,490,'2019-10-09',3545,196),(499,87961,0,'2019-10-08',3260,264),(500,87923,405,'2019-10-08',3216,53),(501,87924,406,'2019-10-08',3432,206),(502,87925,407,'2019-10-08',3126,186),(503,87926,408,'2019-10-08',3271,186),(504,87927,409,'2019-10-08',4658,53),(505,87929,411,'2019-10-08',3416,206),(506,87930,412,'2019-10-08',3455,206),(507,87931,413,'2019-10-08',4486,206),(508,87932,414,'2019-10-08',3016,206),(509,87933,415,'2019-10-08',3731,196),(510,87934,416,'2019-10-08',3747,196),(511,87935,417,'2019-10-08',3715,196),(512,87936,418,'2019-10-08',3716,196),(513,87937,419,'2019-10-08',3042,3000),(514,87938,420,'2019-10-08',4567,231),(515,87941,421,'2019-10-08',3469,53),(516,87942,422,'2019-10-08',3876,236),(517,87943,423,'2019-10-08',3873,236),(518,87944,424,'2019-10-08',3877,236),(519,87945,425,'2019-10-08',3874,236),(520,87946,426,'2019-10-08',3878,236),(521,87947,427,'2019-10-08',3872,236),(522,87949,428,'2019-10-08',3871,236),(523,87950,429,'2019-10-08',3880,236),(524,87951,430,'2019-10-08',3635,206),(525,87952,431,'2019-10-08',3566,231),(526,87953,432,'2019-10-08',3100,232),(527,87954,433,'2019-10-08',3568,232),(528,87955,434,'2019-10-08',4573,232),(529,87956,435,'2019-10-08',3260,53),(530,87957,436,'2019-10-08',3150,53),(531,87958,437,'2019-10-08',3178,236),(532,87959,438,'2019-10-08',3209,206),(534,87962,440,'2019-10-08',3065,206),(535,87963,441,'2019-10-08',3933,53),(536,87964,442,'2019-10-08',3176,232),(537,87965,443,'2019-10-08',4445,53),(538,87967,445,'2019-10-08',3206,186),(539,87968,446,'2019-10-08',3045,53),(540,87969,447,'2019-10-08',3638,206),(541,87970,448,'2019-10-08',3518,232),(542,87971,449,'2019-10-08',3340,53),(543,87972,450,'2019-10-08',4656,186),(544,87973,451,'2019-10-08',3379,186),(545,87974,452,'2019-10-08',4456,53),(546,87975,453,'2019-10-08',3516,186),(547,87976,454,'2019-10-08',3292,186),(548,87977,455,'2019-10-08',4295,186),(549,87978,456,'2019-10-08',3366,186),(550,87979,457,'2019-10-08',3721,196),(551,87980,458,'2019-10-08',4707,196),(552,87982,460,'2019-10-08',3711,196),(553,87983,461,'2019-10-08',3718,196),(554,87984,462,'2019-10-08',4658,53),(557,87987,465,'2019-10-08',4400,196),(558,87988,466,'2019-10-08',3740,196),(559,87989,467,'2019-10-08',3653,196),(560,87990,468,'2019-10-08',4707,196);
/*!40000 ALTER TABLE `pedido` ENABLE KEYS */;
UNLOCK TABLES;
/*!50003 SET @saved_cs_client      = @@character_set_client */ ;
/*!50003 SET @saved_cs_results     = @@character_set_results */ ;
/*!50003 SET @saved_col_connection = @@collation_connection */ ;
/*!50003 SET character_set_client  = utf8mb4 */ ;
/*!50003 SET character_set_results = utf8mb4 */ ;
/*!50003 SET collation_connection  = utf8mb4_0900_ai_ci */ ;
/*!50003 SET @saved_sql_mode       = @@sql_mode */ ;
/*!50003 SET sql_mode              = 'STRICT_TRANS_TABLES,NO_ENGINE_SUBSTITUTION' */ ;
DELIMITER ;;
/*!50003 CREATE*/ /*!50017 DEFINER=`root`@`localhost`*/ /*!50003 TRIGGER `ingresarNota` AFTER INSERT ON `pedido` FOR EACH ROW BEGIN
  INSERT INTO preparacion (fecha, hora, picking, revision, fallo, idpedido,estado) VALUES(NULL,NULL,NULL,NULL,NULL,NEW.idnota,'ABIERTO');
  INSERT INTO despacho (fecha, hora, iddespachador, idpedido,estado) VALUES(NULL,NULL,NULL,NEW.idnota,'ABIERTO');
END */;;
DELIMITER ;
/*!50003 SET sql_mode              = @saved_sql_mode */ ;
/*!50003 SET character_set_client  = @saved_cs_client */ ;
/*!50003 SET character_set_results = @saved_cs_results */ ;
/*!50003 SET collation_connection  = @saved_col_connection */ ;

--
-- Temporary view structure for view `pedido_preparacion_pendiente`
--

DROP TABLE IF EXISTS `pedido_preparacion_pendiente`;
/*!50001 DROP VIEW IF EXISTS `pedido_preparacion_pendiente`*/;
SET @saved_cs_client     = @@character_set_client;
/*!50503 SET character_set_client = utf8mb4 */;
/*!50001 CREATE VIEW `pedido_preparacion_pendiente` AS SELECT 
 1 AS `Nota`,
 1 AS `Factura`,
 1 AS `Fecha`,
 1 AS `Cliente`,
 1 AS `Vendedor`*/;
SET character_set_client = @saved_cs_client;

--
-- Table structure for table `personalalmacen`
--

DROP TABLE IF EXISTS `personalalmacen`;
/*!40101 SET @saved_cs_client     = @@character_set_client */;
/*!50503 SET character_set_client = utf8mb4 */;
CREATE TABLE `personalalmacen` (
  `idpersonalalmacen` int(11) NOT NULL AUTO_INCREMENT,
  `nombre` varchar(45) COLLATE utf8_spanish2_ci DEFAULT NULL,
  PRIMARY KEY (`idpersonalalmacen`)
) ENGINE=InnoDB AUTO_INCREMENT=3 DEFAULT CHARSET=utf8 COLLATE=utf8_spanish2_ci COMMENT='personal de almacen encargados de la preparacion';
/*!40101 SET character_set_client = @saved_cs_client */;

--
-- Dumping data for table `personalalmacen`
--

LOCK TABLES `personalalmacen` WRITE;
/*!40000 ALTER TABLE `personalalmacen` DISABLE KEYS */;
INSERT INTO `personalalmacen` VALUES (1,'Samuel Vizcarra Aguilar'),(2,'LUIS ENRIQUE VARGAS');
/*!40000 ALTER TABLE `personalalmacen` ENABLE KEYS */;
UNLOCK TABLES;

--
-- Table structure for table `preparacion`
--

DROP TABLE IF EXISTS `preparacion`;
/*!40101 SET @saved_cs_client     = @@character_set_client */;
/*!50503 SET character_set_client = utf8mb4 */;
CREATE TABLE `preparacion` (
  `idpreparacion` int(11) NOT NULL AUTO_INCREMENT,
  `fecha` date DEFAULT NULL,
  `hora` time DEFAULT NULL,
  `picking` int(11) DEFAULT NULL,
  `revision` int(11) DEFAULT NULL,
  `embalaje` int(11) DEFAULT NULL,
  `fallo` int(11) DEFAULT NULL,
  `idpedido` int(11) DEFAULT NULL,
  `estado` varchar(45) COLLATE utf8_spanish2_ci DEFAULT NULL,
  PRIMARY KEY (`idpreparacion`),
  UNIQUE KEY `index2` (`picking`,`revision`,`fallo`,`idpedido`),
  KEY `fk_preparacion_pedido_idx` (`idpedido`),
  CONSTRAINT `fk_preparacion_pedido` FOREIGN KEY (`idpedido`) REFERENCES `pedido` (`idnota`)
) ENGINE=InnoDB AUTO_INCREMENT=92 DEFAULT CHARSET=utf8 COLLATE=utf8_spanish2_ci COMMENT='tabla de pedidos preparados';
/*!40101 SET character_set_client = @saved_cs_client */;

--
-- Dumping data for table `preparacion`
--

LOCK TABLES `preparacion` WRITE;
/*!40000 ALTER TABLE `preparacion` DISABLE KEYS */;
INSERT INTO `preparacion` VALUES (6,'2019-10-08','10:10:00',2,2,2,1,87455,'CERRADO'),(7,'2019-10-09','09:59:00',2,2,2,1,87456,'CERRADO'),(8,'2019-10-09','10:17:00',1,2,1,1,87457,'CERRADO'),(9,NULL,NULL,NULL,NULL,NULL,NULL,87999,'ABIERTO'),(10,NULL,NULL,NULL,NULL,NULL,NULL,88000,'ABIERTO'),(11,NULL,NULL,NULL,NULL,NULL,NULL,88001,'ABIERTO'),(12,NULL,NULL,NULL,NULL,NULL,NULL,88002,'ABIERTO'),(13,NULL,NULL,NULL,NULL,NULL,NULL,87991,'ABIERTO'),(14,NULL,NULL,NULL,NULL,NULL,NULL,87992,'ABIERTO'),(15,NULL,NULL,NULL,NULL,NULL,NULL,87993,'ABIERTO'),(16,NULL,NULL,NULL,NULL,NULL,NULL,87994,'ABIERTO'),(17,NULL,NULL,NULL,NULL,NULL,NULL,87995,'ABIERTO'),(18,NULL,NULL,NULL,NULL,NULL,NULL,87996,'ABIERTO'),(19,NULL,NULL,NULL,NULL,NULL,NULL,87997,'ABIERTO'),(20,NULL,NULL,NULL,NULL,NULL,NULL,87998,'ABIERTO'),(21,NULL,NULL,NULL,NULL,NULL,NULL,88003,'ABIERTO'),(22,NULL,NULL,NULL,NULL,NULL,NULL,88004,'ABIERTO'),(23,NULL,NULL,NULL,NULL,NULL,NULL,88005,'ABIERTO'),(24,NULL,NULL,NULL,NULL,NULL,NULL,88006,'ABIERTO'),(25,NULL,NULL,NULL,NULL,NULL,NULL,88008,'ABIERTO'),(26,NULL,NULL,NULL,NULL,NULL,NULL,88009,'ABIERTO'),(27,NULL,NULL,NULL,NULL,NULL,NULL,88010,'ABIERTO'),(28,NULL,NULL,NULL,NULL,NULL,NULL,88012,'ABIERTO'),(29,NULL,NULL,NULL,NULL,NULL,NULL,88013,'ABIERTO'),(30,NULL,NULL,NULL,NULL,NULL,NULL,88014,'ABIERTO'),(31,NULL,NULL,NULL,NULL,NULL,NULL,88015,'ABIERTO'),(32,NULL,NULL,NULL,NULL,NULL,NULL,88016,'ABIERTO'),(33,NULL,NULL,NULL,NULL,NULL,NULL,87961,'ABIERTO'),(34,NULL,NULL,NULL,NULL,NULL,NULL,87923,'ABIERTO'),(35,NULL,NULL,NULL,NULL,NULL,NULL,87924,'ABIERTO'),(36,NULL,NULL,NULL,NULL,NULL,NULL,87925,'ABIERTO'),(37,NULL,NULL,NULL,NULL,NULL,NULL,87926,'ABIERTO'),(38,NULL,NULL,NULL,NULL,NULL,NULL,87927,'ABIERTO'),(39,NULL,NULL,NULL,NULL,NULL,NULL,87929,'ABIERTO'),(40,NULL,NULL,NULL,NULL,NULL,NULL,87930,'ABIERTO'),(41,NULL,NULL,NULL,NULL,NULL,NULL,87931,'ABIERTO'),(42,NULL,NULL,NULL,NULL,NULL,NULL,87932,'ABIERTO'),(43,NULL,NULL,NULL,NULL,NULL,NULL,87933,'ABIERTO'),(44,NULL,NULL,NULL,NULL,NULL,NULL,87934,'ABIERTO'),(45,NULL,NULL,NULL,NULL,NULL,NULL,87935,'ABIERTO'),(46,NULL,NULL,NULL,NULL,NULL,NULL,87936,'ABIERTO'),(47,NULL,NULL,NULL,NULL,NULL,NULL,87937,'ABIERTO'),(48,NULL,NULL,NULL,NULL,NULL,NULL,87938,'ABIERTO'),(49,NULL,NULL,NULL,NULL,NULL,NULL,87941,'ABIERTO'),(50,NULL,NULL,NULL,NULL,NULL,NULL,87942,'ABIERTO'),(51,NULL,NULL,NULL,NULL,NULL,NULL,87943,'ABIERTO'),(52,NULL,NULL,NULL,NULL,NULL,NULL,87944,'ABIERTO'),(53,NULL,NULL,NULL,NULL,NULL,NULL,87945,'ABIERTO'),(54,NULL,NULL,NULL,NULL,NULL,NULL,87946,'ABIERTO'),(55,NULL,NULL,NULL,NULL,NULL,NULL,87947,'ABIERTO'),(56,NULL,NULL,NULL,NULL,NULL,NULL,87949,'ABIERTO'),(57,NULL,NULL,NULL,NULL,NULL,NULL,87950,'ABIERTO'),(58,NULL,NULL,NULL,NULL,NULL,NULL,87951,'ABIERTO'),(59,NULL,NULL,NULL,NULL,NULL,NULL,87952,'ABIERTO'),(60,NULL,NULL,NULL,NULL,NULL,NULL,87953,'ABIERTO'),(61,NULL,NULL,NULL,NULL,NULL,NULL,87954,'ABIERTO'),(62,NULL,NULL,NULL,NULL,NULL,NULL,87955,'ABIERTO'),(63,NULL,NULL,NULL,NULL,NULL,NULL,87956,'ABIERTO'),(64,NULL,NULL,NULL,NULL,NULL,NULL,87957,'ABIERTO'),(65,NULL,NULL,NULL,NULL,NULL,NULL,87958,'ABIERTO'),(66,NULL,NULL,NULL,NULL,NULL,NULL,87959,'ABIERTO'),(67,NULL,NULL,NULL,NULL,NULL,NULL,87962,'ABIERTO'),(68,NULL,NULL,NULL,NULL,NULL,NULL,87963,'ABIERTO'),(69,NULL,NULL,NULL,NULL,NULL,NULL,87964,'ABIERTO'),(70,NULL,NULL,NULL,NULL,NULL,NULL,87965,'ABIERTO'),(71,NULL,NULL,NULL,NULL,NULL,NULL,87967,'ABIERTO'),(72,NULL,NULL,NULL,NULL,NULL,NULL,87968,'ABIERTO'),(73,NULL,NULL,NULL,NULL,NULL,NULL,87969,'ABIERTO'),(74,NULL,NULL,NULL,NULL,NULL,NULL,87970,'ABIERTO'),(75,NULL,NULL,NULL,NULL,NULL,NULL,87971,'ABIERTO'),(76,NULL,NULL,NULL,NULL,NULL,NULL,87972,'ABIERTO'),(77,NULL,NULL,NULL,NULL,NULL,NULL,87973,'ABIERTO'),(78,NULL,NULL,NULL,NULL,NULL,NULL,87974,'ABIERTO'),(79,NULL,NULL,NULL,NULL,NULL,NULL,87975,'ABIERTO'),(80,NULL,NULL,NULL,NULL,NULL,NULL,87976,'ABIERTO'),(81,NULL,NULL,NULL,NULL,NULL,NULL,87977,'ABIERTO'),(82,NULL,NULL,NULL,NULL,NULL,NULL,87978,'ABIERTO'),(83,NULL,NULL,NULL,NULL,NULL,NULL,87979,'ABIERTO'),(84,NULL,NULL,NULL,NULL,NULL,NULL,87980,'ABIERTO'),(85,NULL,NULL,NULL,NULL,NULL,NULL,87982,'ABIERTO'),(86,NULL,NULL,NULL,NULL,NULL,NULL,87983,'ABIERTO'),(87,NULL,NULL,NULL,NULL,NULL,NULL,87984,'ABIERTO'),(88,NULL,NULL,NULL,NULL,NULL,NULL,87987,'ABIERTO'),(89,NULL,NULL,NULL,NULL,NULL,NULL,87988,'ABIERTO'),(90,NULL,NULL,NULL,NULL,NULL,NULL,87989,'ABIERTO'),(91,NULL,NULL,NULL,NULL,NULL,NULL,87990,'ABIERTO');
/*!40000 ALTER TABLE `preparacion` ENABLE KEYS */;
UNLOCK TABLES;

--
-- Table structure for table `transporte`
--

DROP TABLE IF EXISTS `transporte`;
/*!40101 SET @saved_cs_client     = @@character_set_client */;
/*!50503 SET character_set_client = utf8mb4 */;
CREATE TABLE `transporte` (
  `idtransporte` int(11) NOT NULL,
  `nombre` varchar(45) COLLATE utf8_spanish2_ci DEFAULT NULL,
  PRIMARY KEY (`idtransporte`)
) ENGINE=InnoDB DEFAULT CHARSET=utf8 COLLATE=utf8_spanish2_ci COMMENT='listado de transporte para envios de pedidos';
/*!40101 SET character_set_client = @saved_cs_client */;

--
-- Dumping data for table `transporte`
--

LOCK TABLES `transporte` WRITE;
/*!40000 ALTER TABLE `transporte` DISABLE KEYS */;
/*!40000 ALTER TABLE `transporte` ENABLE KEYS */;
UNLOCK TABLES;

--
-- Table structure for table `vendedor`
--

DROP TABLE IF EXISTS `vendedor`;
/*!40101 SET @saved_cs_client     = @@character_set_client */;
/*!50503 SET character_set_client = utf8mb4 */;
CREATE TABLE `vendedor` (
  `idvendedor` int(11) NOT NULL,
  `nombre` varchar(45) COLLATE utf8_spanish2_ci DEFAULT NULL,
  PRIMARY KEY (`idvendedor`)
) ENGINE=InnoDB DEFAULT CHARSET=utf8 COLLATE=utf8_spanish2_ci COMMENT='lista de vendedores San Fernando';
/*!40101 SET character_set_client = @saved_cs_client */;

--
-- Dumping data for table `vendedor`
--

LOCK TABLES `vendedor` WRITE;
/*!40000 ALTER TABLE `vendedor` DISABLE KEYS */;
INSERT INTO `vendedor` VALUES (4,'ANA BELEN VACA MELGAR'),(12,'CLAUDIA AZURDUY JULIO'),(15,'DIETMAR VARGAS ANEZ'),(23,'FANNY CAROL AQUINO ALBA'),(24,'FATIMA ABIGAIL SUAREZ DORADO'),(53,'MARCELA CHOQUECALLATA WANARAYA'),(85,'GRACIELA GILES MONTENEGRO'),(111,'JUAN PABLO GUTIERREZ ALCANTARA'),(128,'YAZMINE ALCOBA ZABALA'),(144,'ROSA ISELA JUSTINIANO SAUCEDO'),(152,'MARIA SHIRLEY RODRIGUEZ SOLIZ'),(174,'GLORIA LISBETH CAMPOS VIVERO'),(179,'MARY CRUZ GONGORA QUISPE'),(186,'GRECIA FERNANDEZ PARRA'),(192,'CHARLIE MONTERO VASQUEZ'),(193,'ERICK DANIEL MARISCAL ARTEAGA'),(196,'OLGA RUBELIA PENALOZA MAURI'),(198,'GLENIDA ZARATE LLANOS'),(204,'JUSTO ALBERTO GUTIERREZ LINARES'),(206,'YEFRIGT ANGULO ARTEAGA'),(209,'PAUL PEREDO PRADO'),(212,'MARIA ESTHER ALBA CAMACHO'),(213,'BERTHA YOHANNA CHUNG ALVAREZ'),(216,'JUAN CARLOS RIVERO CASTEDO'),(218,'MELVIN CHAVEZ RIVERO'),(220,'OSCAR MARCELLE QUESADA ARAMAYO'),(231,'SILVIA PAOLA SAUCEDO ROBLES'),(232,'PRISCILA SEPTIMO COCA'),(236,'GUSTAVO MARTINEZ ROJAS'),(246,'YESENIA MERCADO VARGAS'),(252,'RONNY MARTIN HURTADO SANTIAGO'),(264,'RUTH PATRICIA SALAZAR BOTELHO'),(1000,'SAN FERNANDO S.R.L.'),(1606,'FARMACIAS CORPORATIVAS S.A.'),(3000,'SF CONTAC CENTER'),(3087,'IBLIN KARINA GUERRERO MENDEZ'),(3897,'CECILIA LEONOR PACHECO ARTEAGA'),(3899,'JOSE LUIS CARRIZALES SALINAS'),(3901,'MARIA EUGENIA DURAN - DIST. BENI'),(4321,'LARISSA MOLLINEDO VILCAEZ'),(4424,'PHARMACEUTICAL BUSINESS S.R.L.'),(4563,'HENRY OSCAR JIMENEZ TERRAZAS'),(4715,'FORTEFAR SRL'),(4748,'PEDRO EDUARDO NAVARRO VARGAS');
/*!40000 ALTER TABLE `vendedor` ENABLE KEYS */;
UNLOCK TABLES;

--
-- Dumping events for database 'controlpedido'
--

--
-- Dumping routines for database 'controlpedido'
--
/*!50003 DROP PROCEDURE IF EXISTS `lista_fallo` */;
/*!50003 SET @saved_cs_client      = @@character_set_client */ ;
/*!50003 SET @saved_cs_results     = @@character_set_results */ ;
/*!50003 SET @saved_col_connection = @@collation_connection */ ;
/*!50003 SET character_set_client  = utf8mb4 */ ;
/*!50003 SET character_set_results = utf8mb4 */ ;
/*!50003 SET collation_connection  = utf8mb4_0900_ai_ci */ ;
/*!50003 SET @saved_sql_mode       = @@sql_mode */ ;
/*!50003 SET sql_mode              = 'STRICT_TRANS_TABLES,NO_ENGINE_SUBSTITUTION' */ ;
DELIMITER ;;
CREATE DEFINER=`root`@`localhost` PROCEDURE `lista_fallo`()
select * from fallo ;;
DELIMITER ;
/*!50003 SET sql_mode              = @saved_sql_mode */ ;
/*!50003 SET character_set_client  = @saved_cs_client */ ;
/*!50003 SET character_set_results = @saved_cs_results */ ;
/*!50003 SET collation_connection  = @saved_col_connection */ ;
/*!50003 DROP PROCEDURE IF EXISTS `lista_personal_almacen` */;
/*!50003 SET @saved_cs_client      = @@character_set_client */ ;
/*!50003 SET @saved_cs_results     = @@character_set_results */ ;
/*!50003 SET @saved_col_connection = @@collation_connection */ ;
/*!50003 SET character_set_client  = utf8mb4 */ ;
/*!50003 SET character_set_results = utf8mb4 */ ;
/*!50003 SET collation_connection  = utf8mb4_0900_ai_ci */ ;
/*!50003 SET @saved_sql_mode       = @@sql_mode */ ;
/*!50003 SET sql_mode              = 'STRICT_TRANS_TABLES,NO_ENGINE_SUBSTITUTION' */ ;
DELIMITER ;;
CREATE DEFINER=`root`@`localhost` PROCEDURE `lista_personal_almacen`()
select * from personalalmacen ;;
DELIMITER ;
/*!50003 SET sql_mode              = @saved_sql_mode */ ;
/*!50003 SET character_set_client  = @saved_cs_client */ ;
/*!50003 SET character_set_results = @saved_cs_results */ ;
/*!50003 SET collation_connection  = @saved_col_connection */ ;
/*!50003 DROP PROCEDURE IF EXISTS `lista_personal_despacho` */;
/*!50003 SET @saved_cs_client      = @@character_set_client */ ;
/*!50003 SET @saved_cs_results     = @@character_set_results */ ;
/*!50003 SET @saved_col_connection = @@collation_connection */ ;
/*!50003 SET character_set_client  = utf8mb4 */ ;
/*!50003 SET character_set_results = utf8mb4 */ ;
/*!50003 SET collation_connection  = utf8mb4_0900_ai_ci */ ;
/*!50003 SET @saved_sql_mode       = @@sql_mode */ ;
/*!50003 SET sql_mode              = 'STRICT_TRANS_TABLES,NO_ENGINE_SUBSTITUTION' */ ;
DELIMITER ;;
CREATE DEFINER=`root`@`localhost` PROCEDURE `lista_personal_despacho`()
select * from despachador ;;
DELIMITER ;
/*!50003 SET sql_mode              = @saved_sql_mode */ ;
/*!50003 SET character_set_client  = @saved_cs_client */ ;
/*!50003 SET character_set_results = @saved_cs_results */ ;
/*!50003 SET collation_connection  = @saved_col_connection */ ;
/*!50003 DROP PROCEDURE IF EXISTS `pedido_despacho_pendiente` */;
/*!50003 SET @saved_cs_client      = @@character_set_client */ ;
/*!50003 SET @saved_cs_results     = @@character_set_results */ ;
/*!50003 SET @saved_col_connection = @@collation_connection */ ;
/*!50003 SET character_set_client  = utf8mb4 */ ;
/*!50003 SET character_set_results = utf8mb4 */ ;
/*!50003 SET collation_connection  = utf8mb4_0900_ai_ci */ ;
/*!50003 SET @saved_sql_mode       = @@sql_mode */ ;
/*!50003 SET sql_mode              = 'STRICT_TRANS_TABLES,NO_ENGINE_SUBSTITUTION' */ ;
DELIMITER ;;
CREATE DEFINER=`root`@`localhost` PROCEDURE `pedido_despacho_pendiente`()
select pedido.idnota as Nota,pedido.idfac as Factura,pedido.fecha as Fecha from pedido
inner join despacho on despacho.idpedido=pedido.idnota where despacho.estado='ABIERTO' and despacho.idpedido>0 ;;
DELIMITER ;
/*!50003 SET sql_mode              = @saved_sql_mode */ ;
/*!50003 SET character_set_client  = @saved_cs_client */ ;
/*!50003 SET character_set_results = @saved_cs_results */ ;
/*!50003 SET collation_connection  = @saved_col_connection */ ;
/*!50003 DROP PROCEDURE IF EXISTS `pedido_preparacion_pendiente` */;
/*!50003 SET @saved_cs_client      = @@character_set_client */ ;
/*!50003 SET @saved_cs_results     = @@character_set_results */ ;
/*!50003 SET @saved_col_connection = @@collation_connection */ ;
/*!50003 SET character_set_client  = utf8mb4 */ ;
/*!50003 SET character_set_results = utf8mb4 */ ;
/*!50003 SET collation_connection  = utf8mb4_0900_ai_ci */ ;
/*!50003 SET @saved_sql_mode       = @@sql_mode */ ;
/*!50003 SET sql_mode              = 'STRICT_TRANS_TABLES,NO_ENGINE_SUBSTITUTION' */ ;
DELIMITER ;;
CREATE DEFINER=`root`@`localhost` PROCEDURE `pedido_preparacion_pendiente`()
select pedido.idnota as Nota,pedido.idfac as Factura,pedido.fecha as Fecha from pedido
inner join preparacion on preparacion.idpedido=pedido.idnota where preparacion.estado='ABIERTO' and preparacion.idpedido>0 ;;
DELIMITER ;
/*!50003 SET sql_mode              = @saved_sql_mode */ ;
/*!50003 SET character_set_client  = @saved_cs_client */ ;
/*!50003 SET character_set_results = @saved_cs_results */ ;
/*!50003 SET collation_connection  = @saved_col_connection */ ;
/*!50003 DROP PROCEDURE IF EXISTS `registrar_pedido` */;
/*!50003 SET @saved_cs_client      = @@character_set_client */ ;
/*!50003 SET @saved_cs_results     = @@character_set_results */ ;
/*!50003 SET @saved_col_connection = @@collation_connection */ ;
/*!50003 SET character_set_client  = utf8mb4 */ ;
/*!50003 SET character_set_results = utf8mb4 */ ;
/*!50003 SET collation_connection  = utf8mb4_0900_ai_ci */ ;
/*!50003 SET @saved_sql_mode       = @@sql_mode */ ;
/*!50003 SET sql_mode              = 'STRICT_TRANS_TABLES,NO_ENGINE_SUBSTITUTION' */ ;
DELIMITER ;;
CREATE DEFINER=`root`@`localhost` PROCEDURE `registrar_pedido`(
in idnota int,
in idfac int,
in fecha date,
in cliente int,
in vendedor int
)
BEGIN
	 DECLARE errno INT;
    DECLARE EXIT HANDLER FOR SQLEXCEPTION
    BEGIN
    GET CURRENT DIAGNOSTICS CONDITION 1 errno = MYSQL_ERRNO;
    SELECT errno AS MYSQL_ERROR;
    ROLLBACK;
    END;
    START TRANSACTION;
INSERT INTO pedido (idnota, idfac, fecha, cliente, vendedor)
        VALUES (idnota,idfac,fecha,cliente,vendedor);
COMMIT WORK;

END ;;
DELIMITER ;
/*!50003 SET sql_mode              = @saved_sql_mode */ ;
/*!50003 SET character_set_client  = @saved_cs_client */ ;
/*!50003 SET character_set_results = @saved_cs_results */ ;
/*!50003 SET collation_connection  = @saved_col_connection */ ;
/*!50003 DROP PROCEDURE IF EXISTS `registro_despacho` */;
/*!50003 SET @saved_cs_client      = @@character_set_client */ ;
/*!50003 SET @saved_cs_results     = @@character_set_results */ ;
/*!50003 SET @saved_col_connection = @@collation_connection */ ;
/*!50003 SET character_set_client  = utf8mb4 */ ;
/*!50003 SET character_set_results = utf8mb4 */ ;
/*!50003 SET collation_connection  = utf8mb4_0900_ai_ci */ ;
/*!50003 SET @saved_sql_mode       = @@sql_mode */ ;
/*!50003 SET sql_mode              = 'STRICT_TRANS_TABLES,NO_ENGINE_SUBSTITUTION' */ ;
DELIMITER ;;
CREATE DEFINER=`root`@`localhost` PROCEDURE `registro_despacho`(
in fecha date,
in hora time,
in despachador int,
in id int
)
BEGIN
	 DECLARE errno INT;
    DECLARE EXIT HANDLER FOR SQLEXCEPTION
    BEGIN
    GET CURRENT DIAGNOSTICS CONDITION 1 errno = MYSQL_ERRNO;
    SELECT errno AS MYSQL_ERROR;
    ROLLBACK;
    END;

    START TRANSACTION;
update despacho set 
fecha = fecha,
hora = hora,
iddespachador = despachador,
estado = 'CERRADO'
where idpedido = id;
COMMIT WORK;

END ;;
DELIMITER ;
/*!50003 SET sql_mode              = @saved_sql_mode */ ;
/*!50003 SET character_set_client  = @saved_cs_client */ ;
/*!50003 SET character_set_results = @saved_cs_results */ ;
/*!50003 SET collation_connection  = @saved_col_connection */ ;
/*!50003 DROP PROCEDURE IF EXISTS `registro_preparacion` */;
/*!50003 SET @saved_cs_client      = @@character_set_client */ ;
/*!50003 SET @saved_cs_results     = @@character_set_results */ ;
/*!50003 SET @saved_col_connection = @@collation_connection */ ;
/*!50003 SET character_set_client  = utf8mb4 */ ;
/*!50003 SET character_set_results = utf8mb4 */ ;
/*!50003 SET collation_connection  = utf8mb4_0900_ai_ci */ ;
/*!50003 SET @saved_sql_mode       = @@sql_mode */ ;
/*!50003 SET sql_mode              = 'STRICT_TRANS_TABLES,NO_ENGINE_SUBSTITUTION' */ ;
DELIMITER ;;
CREATE DEFINER=`root`@`localhost` PROCEDURE `registro_preparacion`(
in fecha date,
in hora time,
in picking int,
in revision int,
in embalaje int,
in fallo int,
in id int
)
BEGIN
	 DECLARE errno INT;
    DECLARE EXIT HANDLER FOR SQLEXCEPTION
    BEGIN
    GET CURRENT DIAGNOSTICS CONDITION 1 errno = MYSQL_ERRNO;
    SELECT errno AS MYSQL_ERROR;
    ROLLBACK;
    END;

    START TRANSACTION;
update preparacion set 
fecha = fecha,
hora = hora,
picking = picking,
revision = revision,
embalaje = embalaje,
fallo = fallo,
estado = 'CERRADO'
where idpedido = id;
COMMIT WORK;

END ;;
DELIMITER ;
/*!50003 SET sql_mode              = @saved_sql_mode */ ;
/*!50003 SET character_set_client  = @saved_cs_client */ ;
/*!50003 SET character_set_results = @saved_cs_results */ ;
/*!50003 SET collation_connection  = @saved_col_connection */ ;
/*!50003 DROP PROCEDURE IF EXISTS `resumen_pedido` */;
/*!50003 SET @saved_cs_client      = @@character_set_client */ ;
/*!50003 SET @saved_cs_results     = @@character_set_results */ ;
/*!50003 SET @saved_col_connection = @@collation_connection */ ;
/*!50003 SET character_set_client  = utf8mb4 */ ;
/*!50003 SET character_set_results = utf8mb4 */ ;
/*!50003 SET collation_connection  = utf8mb4_0900_ai_ci */ ;
/*!50003 SET @saved_sql_mode       = @@sql_mode */ ;
/*!50003 SET sql_mode              = 'STRICT_TRANS_TABLES,NO_ENGINE_SUBSTITUTION' */ ;
DELIMITER ;;
CREATE DEFINER=`root`@`localhost` PROCEDURE `resumen_pedido`(
fecha date
)
select pedido.idnota as Nota,pedido.idfac as Factura,pedido.fecha as Fecha,cliente.nombre as Cliente,vendedor.nombre as Vendedor from pedido
inner join cliente on cliente.idcliente=pedido.cliente
inner join vendedor on vendedor.idvendedor=pedido.vendedor
inner join preparacion on preparacion.idpedido=pedido.idnota
inner join despacho on despacho.idpedido=pedido.idnota where pedido.fecha>=fecha and preparacion.estado='ABIERTO' and despacho.estado='ABIERTO' ;;
DELIMITER ;
/*!50003 SET sql_mode              = @saved_sql_mode */ ;
/*!50003 SET character_set_client  = @saved_cs_client */ ;
/*!50003 SET character_set_results = @saved_cs_results */ ;
/*!50003 SET collation_connection  = @saved_col_connection */ ;
/*!50003 DROP PROCEDURE IF EXISTS `subirExcelCliente` */;
/*!50003 SET @saved_cs_client      = @@character_set_client */ ;
/*!50003 SET @saved_cs_results     = @@character_set_results */ ;
/*!50003 SET @saved_col_connection = @@collation_connection */ ;
/*!50003 SET character_set_client  = utf8mb4 */ ;
/*!50003 SET character_set_results = utf8mb4 */ ;
/*!50003 SET collation_connection  = utf8mb4_0900_ai_ci */ ;
/*!50003 SET @saved_sql_mode       = @@sql_mode */ ;
/*!50003 SET sql_mode              = 'STRICT_TRANS_TABLES,NO_ENGINE_SUBSTITUTION' */ ;
DELIMITER ;;
CREATE DEFINER=`root`@`localhost` PROCEDURE `subirExcelCliente`(IN COD INT, IN NOMBRE varchar(45), IN ZONA varchar(45))
BEGIN
	DECLARE EXIT HANDLER FOR SQLEXCEPTION
	BEGIN
		ROLLBACK;
		SELECT 'An error has occurred, operation rollbacked and the stored procedure was terminated';
	END;
	START TRANSACTION;
		INSERT INTO cliente (idcliente, nombre, zona) values(COD,NOMBRE,ZONA);
        COMMIT;
END ;;
DELIMITER ;
/*!50003 SET sql_mode              = @saved_sql_mode */ ;
/*!50003 SET character_set_client  = @saved_cs_client */ ;
/*!50003 SET character_set_results = @saved_cs_results */ ;
/*!50003 SET collation_connection  = @saved_col_connection */ ;
/*!50003 DROP PROCEDURE IF EXISTS `subirExcelPedido` */;
/*!50003 SET @saved_cs_client      = @@character_set_client */ ;
/*!50003 SET @saved_cs_results     = @@character_set_results */ ;
/*!50003 SET @saved_col_connection = @@collation_connection */ ;
/*!50003 SET character_set_client  = utf8mb4 */ ;
/*!50003 SET character_set_results = utf8mb4 */ ;
/*!50003 SET collation_connection  = utf8mb4_0900_ai_ci */ ;
/*!50003 SET @saved_sql_mode       = @@sql_mode */ ;
/*!50003 SET sql_mode              = 'STRICT_TRANS_TABLES,NO_ENGINE_SUBSTITUTION' */ ;
DELIMITER ;;
CREATE DEFINER=`root`@`localhost` PROCEDURE `subirExcelPedido`(IN nota INT, IN fac INT, IN fecha DATE, IN cliente INT, IN vendedor INT)
BEGIN
	DECLARE EXIT HANDLER FOR SQLEXCEPTION
	BEGIN
		ROLLBACK;
		SELECT 'An error has occurred, operation rollbacked and the stored procedure was terminated';
	END;
	START TRANSACTION;
		INSERT INTO pedido (idnota, idfac, fecha, cliente, vendedor) values(nota, fac, fecha, cliente, vendedor);
        COMMIT;
END ;;
DELIMITER ;
/*!50003 SET sql_mode              = @saved_sql_mode */ ;
/*!50003 SET character_set_client  = @saved_cs_client */ ;
/*!50003 SET character_set_results = @saved_cs_results */ ;
/*!50003 SET collation_connection  = @saved_col_connection */ ;

--
-- Final view structure for view `pedido_preparacion_pendiente`
--

/*!50001 DROP VIEW IF EXISTS `pedido_preparacion_pendiente`*/;
/*!50001 SET @saved_cs_client          = @@character_set_client */;
/*!50001 SET @saved_cs_results         = @@character_set_results */;
/*!50001 SET @saved_col_connection     = @@collation_connection */;
/*!50001 SET character_set_client      = utf8mb4 */;
/*!50001 SET character_set_results     = utf8mb4 */;
/*!50001 SET collation_connection      = utf8mb4_0900_ai_ci */;
/*!50001 CREATE ALGORITHM=UNDEFINED */
/*!50013 DEFINER=`root`@`localhost` SQL SECURITY DEFINER */
/*!50001 VIEW `pedido_preparacion_pendiente` AS select `pedido`.`idnota` AS `Nota`,`pedido`.`idfac` AS `Factura`,`pedido`.`fecha` AS `Fecha`,`cliente`.`nombre` AS `Cliente`,`vendedor`.`nombre` AS `Vendedor` from ((((`pedido` join `cliente` on((`cliente`.`idcliente` = `pedido`.`cliente`))) join `vendedor` on((`vendedor`.`idvendedor` = `pedido`.`vendedor`))) join `preparacion` on((`preparacion`.`idpedido` = `pedido`.`idnota`))) join `despacho` on((`despacho`.`idpedido` = `pedido`.`idnota`))) where (`preparacion`.`estado` = 'PENDIENTE') */;
/*!50001 SET character_set_client      = @saved_cs_client */;
/*!50001 SET character_set_results     = @saved_cs_results */;
/*!50001 SET collation_connection      = @saved_col_connection */;
/*!40103 SET TIME_ZONE=@OLD_TIME_ZONE */;

/*!40101 SET SQL_MODE=@OLD_SQL_MODE */;
/*!40014 SET FOREIGN_KEY_CHECKS=@OLD_FOREIGN_KEY_CHECKS */;
/*!40014 SET UNIQUE_CHECKS=@OLD_UNIQUE_CHECKS */;
/*!40101 SET CHARACTER_SET_CLIENT=@OLD_CHARACTER_SET_CLIENT */;
/*!40101 SET CHARACTER_SET_RESULTS=@OLD_CHARACTER_SET_RESULTS */;
/*!40101 SET COLLATION_CONNECTION=@OLD_COLLATION_CONNECTION */;
/*!40111 SET SQL_NOTES=@OLD_SQL_NOTES */;

-- Dump completed on 2019-10-09 18:54:40
